rank,tag_id,canonical_name,relation_count,has_definition_long,alias_count,examples_positive_count,examples_negative_count,scope_includes_count,scope_excludes_count,has_any_extraction_notes,priority_score,priority_reasons
1,env.v2a_070.prospect_refuge_ability_to_see_without_being_seen,Prospect–refuge: ability to see without being seen,4,True,10,3,3,5,3,True,0,
2,env.ae.artworks_prominent,Artworks Prominent,2,True,11,3,3,4,3,True,0,
3,env.ae.barriers/guards_present,Barriers/Guards Present,2,True,11,3,3,5,3,True,0,
4,env.ae.clear_circulation_paths,Clear Circulation Paths,2,True,8,3,3,4,3,True,0,
5,env.ae.clear_exits/wayfinding_signage,Clear Exits/Wayfinding Signage,2,True,10,3,3,5,3,True,0,
6,env.ae.clear_sightlines,Clear Sightlines,2,True,8,3,3,4,3,True,0,
7,env.ae.commercial_branding,Commercial Branding,2,True,9,3,3,4,3,True,0,
8,env.ae.compartmentalized_plan,Compartmentalized Plan,2,True,8,3,3,3,3,True,0,
9,env.ae.complex_geometry,Complex Geometry,2,True,8,3,3,5,3,True,0,
10,env.ae.concrete_prominent,Concrete Prominent,2,True,8,3,3,3,3,True,0,
11,env.ae.cool_color_palette,Cool Color Palette,2,True,9,3,3,3,3,True,0,
12,env.ae.cool_lighting_(high_cct),Cool Lighting (High CCT),2,True,9,3,3,3,3,True,0,
13,env.ae.crowded_space,Crowded Space,2,True,8,3,3,3,3,True,0,
14,env.ae.curvilinear_forms,Curvilinear Forms,2,True,9,3,3,4,3,True,0,
15,env.ae.daylighting,Daylighting,2,True,8,3,3,3,3,True,0,
16,env.ae.dynamic_lighting,Dynamic Lighting,2,True,10,3,3,4,3,True,0,
17,env.ae.fans_visible,Fans Visible,2,True,8,3,3,3,3,True,0,
18,env.ae.fractal-like_pattern,Fractal-Like Pattern,2,True,9,3,3,3,3,True,0,
19,env.ae.glare_present,Glare Present,2,True,8,3,3,4,3,True,0,
20,env.ae.glass_prominent,Glass Prominent,2,True,9,3,3,4,3,True,0,
21,env.ae.hard_reflective_surfaces,Hard Reflective Surfaces,2,True,8,3,3,4,3,True,0,
22,env.ae.hard_seating,Hard Seating,2,True,9,3,3,4,3,True,0,
23,env.ae.hazard_indicators,Hazard Indicators,2,True,9,3,3,4,3,True,0,
24,env.ae.high_ceiling,High Ceiling,2,True,8,3,3,4,3,True,0,
25,env.ae.high_ceiling_+_hard_surfaces,High Ceiling + Hard Surfaces,2,True,8,3,3,4,3,True,0,
26,env.ae.high_cleanliness,High Cleanliness,2,True,8,3,3,4,3,True,0,
27,env.ae.high_clutter,High Clutter,2,True,8,3,3,4,3,True,0,
28,env.ae.high_color_contrast,High Color Contrast,2,True,8,3,3,4,3,True,0,
29,env.ae.high_color_entropy,High Color Entropy,2,True,8,3,3,4,3,True,0,
30,env.ae.high_contrast_lighting,High Contrast Lighting,2,True,8,3,3,4,3,True,0,
31,env.ae.high_edge_density,High Edge Density,2,True,8,3,3,4,3,True,0,
32,env.ae.high_fractal_dimension_(2d),High Fractal Dimension (2D),2,True,8,3,3,4,3,True,0,
33,env.ae.high_illuminance,High Illuminance,2,True,9,3,3,4,3,True,0,
34,env.ae.high_orderliness,High Orderliness,2,True,9,3,3,4,3,True,0,
35,env.ae.high_saturation,High Saturation,2,True,8,3,3,4,3,True,0,
36,env.ae.high_seating_density,High Seating Density,2,True,8,3,3,4,3,True,0,
37,env.ae.high_spatial_frequency_content,High Spatial Frequency Content,2,True,8,3,3,4,3,True,0,
38,env.ae.high_symmetry,High Symmetry,2,True,8,3,3,4,3,True,0,
39,env.ae.high_texture_complexity,High Texture Complexity,2,True,8,3,3,4,3,True,0,
40,env.ae.home-like_decor,Home-like Decor,2,True,8,3,3,4,3,True,0,
41,env.ae.indoor-outdoor_continuity,Indoor-Outdoor Continuity,2,True,8,3,3,4,3,True,0,
42,env.ae.indoor_plants,Indoor Plants,2,True,9,3,3,4,3,True,0,
43,env.ae.institutional_decor,Institutional Decor,2,True,8,3,3,4,3,True,0,
44,env.ae.irregular_pattern,Irregular Pattern,2,True,8,3,3,4,3,True,0,
45,env.ae.large_enclosure_volume,Large Enclosure Volume,2,True,8,3,3,4,3,True,0,
46,env.ae.large_window_area,Large Window Area,2,True,8,3,3,4,3,True,0,
47,env.ae.low_ceiling,Low Ceiling,2,True,8,3,3,4,3,True,0,
48,env.ae.low_edge_density,Low Edge Density,2,True,8,3,3,4,3,True,0,
49,env.ae.low_illuminance,Low Illuminance,2,True,8,3,3,4,3,True,0,
50,env.ae.low_orderliness,Low Orderliness,2,True,8,3,3,4,3,True,0,
51,env.ae.low_saturation,Low Saturation,2,True,8,3,3,4,3,True,0,
52,env.ae.low_spatial_frequency_content,Low Spatial Frequency Content,2,True,8,3,3,4,3,True,0,
53,env.ae.low_symmetry,Low Symmetry,2,True,8,3,3,4,3,True,0,
54,env.ae.low_texture_complexity,Low Texture Complexity,2,True,8,3,3,4,3,True,0,
55,env.ae.maze-like_layout,Maze-Like Layout,2,True,8,3,3,4,3,True,0,
56,env.ae.metal_prominent,Metal Prominent,2,True,8,3,3,4,3,True,0,
57,env.ae.minimal_signage,Minimal Signage,2,True,8,3,3,4,3,True,0,
58,env.ae.monochrome/minimal_palette,Monochrome/Minimal Palette,2,True,9,3,3,4,3,True,0,
59,env.ae.narrow_corridor,Narrow Corridor,2,True,8,3,3,4,3,True,0,
60,env.ae.natural/earthy_palette,Natural/Earthy Palette,2,True,8,3,3,4,3,True,0,
61,env.ae.naturalistic_forms,Naturalistic Forms,2,True,9,3,3,4,3,True,0,
62,env.ae.nature_imagery,Nature Imagery,2,True,8,3,3,4,3,True,0,
63,env.ae.occluded_sightlines,Occluded Sightlines,2,True,8,3,3,4,3,True,0,
64,env.ae.open_plan,Open Plan,2,True,8,3,3,4,3,True,0,
65,env.ae.open_windows,Open Windows,2,True,8,3,3,4,3,True,0,
66,env.ae.poor_visibility_/_dark_corners,Poor Visibility / Dark Corners,2,True,8,3,3,4,3,True,0,
67,env.ae.private/enclosed_niche,Private/Enclosed Niche,2,True,9,3,3,4,3,True,0,
68,env.ae.public/exposed_area,Public/Exposed Area,2,True,8,3,3,4,3,True,0,
69,env.ae.rectilinear_forms,Rectilinear Forms,2,True,8,3,3,4,3,True,0,
70,env.ae.religious_symbols,Religious Symbols,2,True,9,3,3,4,3,True,0,
71,env.ae.repeating_pattern,Repeating Pattern,2,True,8,3,3,4,3,True,0,
72,env.ae.seating_available,Seating Available,2,True,8,3,3,4,3,True,0,
73,env.ae.soft_acoustic_treatments,Soft Acoustic Treatments,2,True,8,3,3,4,3,True,0,
74,env.ae.soft_seating,Soft Seating,2,True,9,3,3,4,3,True,0,
75,env.ae.sparse_occupancy,Sparse Occupancy,2,True,8,3,3,4,3,True,0,
76,env.ae.stone/marble_prominent,Stone/Marble Prominent,2,True,9,3,3,4,3,True,0,
77,env.ae.strong_central_landmark,Strong Central Landmark,2,True,8,3,3,4,3,True,0,
78,env.ae.strong_horizontality,Strong Horizontality,2,True,8,3,3,4,3,True,0,
79,env.ae.strong_verticality,Strong Verticality,2,True,8,3,3,4,3,True,0,
80,env.ae.surveillance_/_cameras_visible,Surveillance / Cameras Visible,2,True,8,3,3,4,3,True,0,
81,env.ae.text/information_density_high,Text/Information Density High,2,True,8,3,3,4,3,True,0,
82,env.ae.textiles/soft_furnishings,Textiles/Soft Furnishings,2,True,10,3,3,4,3,True,0,
83,env.ae.uniform_lighting,Uniform Lighting,2,True,8,3,3,4,3,True,0,
84,env.ae.view_to_outdoors,View to Outdoors,2,True,8,3,3,4,3,True,0,
85,env.ae.visible_dirt/decay,Visible Dirt/Decay,2,True,9,3,3,4,3,True,0,
86,env.ae.visible_hvac_vents,Visible HVAC Vents,2,True,8,3,3,4,3,True,0,
87,env.ae.visible_windows,Visible Windows,2,True,8,3,3,4,3,True,0,
88,env.ae.warm_color_palette,Warm Color Palette,2,True,8,3,3,4,3,True,0,
89,env.ae.warm_lighting,Warm Lighting,2,True,8,3,3,4,3,True,0,
90,env.ae.well_maintained,Well Maintained,2,True,8,3,3,4,3,True,0,
91,env.ae.wood_prominent,Wood Prominent,2,True,8,3,3,4,3,True,0,
92,env.ae.work_surfaces_present,Work Surfaces Present,2,True,8,3,3,4,3,True,0,
93,env.ae.worn/degraded,Worn/Degraded,2,True,9,3,3,4,3,True,0,
94,env.v1_124.water_features,Water features,2,True,8,3,3,4,3,True,0,
95,env.v2a_098.natural_materials_wood_stone,Natural materials: wood/stone,2,True,8,3,3,4,3,True,0,
96,affect.cozy,Cozy,0,True,8,3,3,3,3,True,0,
97,affect.jarring,Jarring,0,True,8,3,3,3,3,True,0,
98,affect.scary,Scary,0,True,8,3,3,3,3,True,0,
99,affect.tranquil,Tranquil,0,True,8,3,3,3,3,True,0,
100,affect.welcoming,Welcoming,0,True,8,3,3,3,3,True,0,
101,affordance.isovist_area,Isovist Area,0,True,8,3,3,3,3,True,0,
102,affordance.seating_count,Seating Count,0,True,8,3,3,3,3,True,0,
103,arch.pattern.axial_circulation_clear,Axial Circulation Clear,0,True,8,3,3,3,3,True,0,
104,arch.pattern.bay_window,Bay Window,0,True,8,3,3,3,3,True,0,
105,arch.pattern.central_hearth,Central Hearth,0,True,8,3,3,3,3,True,0,
106,arch.pattern.circulation_maze_like,Circulation Maze Like,0,True,8,3,3,3,3,True,0,
107,arch.pattern.colonnade,Colonnade,0,True,8,3,3,3,3,True,0,
108,arch.pattern.corner_window,Corner Window,0,True,8,3,3,3,3,True,0,
109,arch.pattern.daylight_hard,Daylight Hard,0,True,8,3,3,3,3,True,0,
110,arch.pattern.daylight_soft,Daylight Soft,0,True,8,3,3,3,3,True,0,
111,arch.pattern.double_height_space,Double Height Space,0,True,8,3,3,3,3,True,0,
112,arch.pattern.gallery_edge,Gallery Edge,0,True,8,3,3,3,3,True,0,
113,arch.pattern.loft_mezzanine,Loft Mezzanine,0,True,8,3,3,3,3,True,0,
114,arch.pattern.long_view_corridor,Long View Corridor,0,True,8,3,3,3,3,True,0,
115,arch.pattern.perimeter_seating,Perimeter Seating,0,True,8,3,3,3,3,True,0,
116,arch.pattern.prospect_strong,Prospect Strong,0,True,8,3,3,3,3,True,0,
117,arch.pattern.refuge_nook,Refuge Nook,0,True,8,3,3,3,3,True,0,
118,arch.pattern.refuge_strong,Refuge Strong,0,True,8,3,3,3,3,True,0,
119,arch.pattern.skylight_dominant,Skylight Dominant,0,True,8,3,3,3,3,True,0,
120,arch.pattern.staircase_sculptural,Staircase Sculptural,0,True,8,3,3,3,3,True,0,
121,arch.pattern.threshold_emphasized,Threshold Emphasized,0,True,8,3,3,3,3,True,0,
122,arch.pattern.window_seat_niche,Window Seat Niche,0,True,8,3,3,3,3,True,0,
123,biophilia.plant_count,Plant Count,0,True,8,3,3,3,3,True,0,
124,cnfa.biophilic.natural_material_ratio,Natural Material Ratio,0,True,8,3,3,3,3,True,0,
125,cnfa.cognitive.activity_zones_count,Activity Zones Count,0,True,8,3,3,3,3,True,0,
126,cnfa.cognitive.landmark_salience,Landmark Salience,0,True,8,3,3,3,3,True,0,
127,cnfa.cognitive.legibility_score,Legibility Score,0,True,8,3,3,3,3,True,0,
128,cnfa.depth.depth_variance,Depth Variance,0,True,8,3,3,3,3,True,0,
129,cnfa.depth.mean_depth,Mean Depth,0,True,8,3,3,3,3,True,0,
130,cnfa.dynamic.optic_flow_magnitude,Optic Flow Magnitude,0,True,8,3,3,3,3,True,0,
131,cnfa.dynamic.path_glare_max,Path Glare Max,0,True,8,3,3,3,3,True,0,
132,cnfa.dynamic.reflection_flow,Reflection Flow,0,True,8,3,3,3,3,True,0,
133,cnfa.dynamic.revelation_rate,Revelation Rate,0,True,8,3,3,3,3,True,0,
134,cnfa.dynamic.texture_gradient,Texture Gradient,0,True,8,3,3,3,3,True,0,
135,cnfa.fluency.anomaly_count,Anomaly Count,0,True,8,3,3,3,3,True,0,
136,cnfa.fluency.autoencoder_recon_error,Autoencoder Recon Error,0,True,8,3,3,3,3,True,0,
137,cnfa.fluency.clutter_density_count,Clutter Density Count,0,True,8,3,3,3,3,True,0,
138,cnfa.fluency.color_palette_entropy,Color Palette Entropy,0,True,8,3,3,3,3,True,0,
139,cnfa.fluency.compression_ratio,Compression Ratio,0,True,8,3,3,3,3,True,0,
140,cnfa.fluency.edge_clarity_mean,Edge Clarity Mean,0,True,8,3,3,3,3,True,0,
141,cnfa.fluency.figure_ground_clarity,Figure Ground Clarity,0,True,8,3,3,3,3,True,0,
142,cnfa.fluency.hierarchy_depth,Hierarchy Depth,0,True,8,3,3,3,3,True,0,
143,cnfa.fluency.map.edge_density,Edge Density,0,True,8,3,3,3,3,True,0,
144,cnfa.fluency.map.fractal_dimension,Fractal Dimension,0,True,8,3,3,3,3,True,0,
145,cnfa.fluency.map.spatial_entropy,Spatial Entropy,0,True,8,3,3,3,3,True,0,
146,cnfa.fluency.map.symmetry,Symmetry,0,True,8,3,3,3,3,True,0,
147,cnfa.fluency.pattern_rhythm_regularity,Pattern Rhythm Regularity,0,True,8,3,3,3,3,True,0,
148,cnfa.fluency.processing_load_proxy,Processing Load Proxy,0,True,8,3,3,3,3,True,0,
149,cnfa.fluency.surprisal_mean,Surprisal Mean,0,True,8,3,3,3,3,True,0,
150,cnfa.fluency.symmetry_score_horizontal,Symmetry Score Horizontal,0,True,8,3,3,3,3,True,0,
151,cnfa.fluency.visual_entropy_spatial,Visual Entropy Spatial,0,True,8,3,3,3,3,True,0,
152,cnfa.fluency.zoning_clarity,Zoning Clarity,0,True,8,3,3,3,3,True,0,
153,cnfa.fractal.lacunarity,Lacunarity,0,True,8,3,3,3,3,True,0,
154,cnfa.fractal.multifractal_width,Multifractal Width,0,True,8,3,3,3,3,True,0,
155,cnfa.fractal.spectral_slope_1overf,Spectral Slope 1Overf,0,True,8,3,3,3,3,True,0,
156,cnfa.fractal_dimension,Fractal Dimension,0,True,8,3,3,3,3,True,0,
157,cnfa.fractal_dimension_edges,Fractal Dimension Edges,0,True,8,3,3,3,3,True,0,
158,cnfa.fractal_dimension_luminance,Fractal Dimension Luminance,0,True,8,3,3,3,3,True,0,
159,cnfa.geometry.curvature_index,Curvature Index,0,True,8,3,3,3,3,True,0,
160,cnfa.geometry.fractal_curve_intersection,Fractal Curve Intersection,0,True,8,3,3,3,3,True,0,
161,cnfa.geometry.rectilinearity_index,Rectilinearity Index,0,True,8,3,3,3,3,True,0,
162,cnfa.haptic.soft_surface_ratio,Soft Surface Ratio,0,True,8,3,3,3,3,True,0,
163,cnfa.haptic.texture_variation_index,Texture Variation Index,0,True,8,3,3,3,3,True,0,
164,cnfa.layout.opening_ratio,Opening Ratio,0,True,8,3,3,3,3,True,0,
165,cnfa.light.brightness_variance,Brightness Variance,0,True,8,3,3,3,3,True,0,
166,cnfa.light.diffuse_vs_direct_ratio,Diffuse Vs Direct Ratio,0,True,8,3,3,3,3,True,0,
167,cnfa.light.vertical_illuminance_proxy,Vertical Illuminance Proxy,0,True,8,3,3,3,3,True,0,
168,cnfa.light.warm_vs_cool_ratio,Warm Vs Cool Ratio,0,True,8,3,3,3,3,True,0,
169,cnfa.spatial.ceiling_height_avg,Ceiling Height Avg,0,True,8,3,3,3,3,True,0,
170,cnfa.spatial.enclosure_index,Enclosure Index,0,True,8,3,3,3,3,True,0,
171,cnfa.spatial.prospect_to_refuge_ratio,Prospect To Refuge Ratio,0,True,8,3,3,3,3,True,0,
172,cognitive.coherence,Coherence,0,True,8,3,3,3,3,True,0,
173,cognitive.complexity,Complexity,0,True,8,3,3,3,3,True,0,
174,cognitive.error,Error,0,True,8,3,3,3,3,True,0,
175,cognitive.legibility,Legibility,0,True,8,3,3,3,3,True,0,
176,cognitive.mystery,Mystery,0,True,8,3,3,3,3,True,0,
177,cognitive.restoration,Restoration,0,True,8,3,3,3,3,True,0,
178,color.lab_volume,Lab Volume,0,True,8,3,3,3,3,True,0,
179,color.lightness_contrast,Lightness Contrast,0,True,8,3,3,3,3,True,0,
180,color.luminance,Luminance,0,True,8,3,3,3,3,True,0,
181,color.perceptual_lightness,Perceptual Lightness,0,True,8,3,3,3,3,True,0,
182,color.saturation,Saturation,0,True,8,3,3,3,3,True,0,
183,color.warmth,Warmth,0,True,8,3,3,3,3,True,0,
184,color.warmth_ratio,Warmth Ratio,0,True,8,3,3,3,3,True,0,
185,complexity.edge_density,Edge Density,0,True,8,3,3,3,3,True,0,
186,complexity.shannon_entropy,Shannon Entropy,0,True,8,3,3,3,3,True,0,
187,complexity.spatial_entropy,Spatial Entropy,0,True,8,3,3,3,3,True,0,
188,component.bathroom.fixture.material.brass,Brass,0,True,8,3,3,3,3,True,0,
189,component.bathroom.fixture.material.matte_black,Matte Black,0,True,8,3,3,3,3,True,0,
190,component.bathroom.fixture.type.rain_showerhead,Rain Showerhead,0,True,8,3,3,3,3,True,0,
191,component.ceiling.coffered,Coffered,0,True,8,3,3,3,3,True,0,
192,component.ceiling.cove_lighting,Cove Lighting,0,True,8,3,3,3,3,True,0,
193,component.ceiling.exposed_beam,Exposed Beam,0,True,8,3,3,3,3,True,0,
194,component.ceiling.tray,Tray,0,True,8,3,3,3,3,True,0,
195,component.ceiling.vaulted,Vaulted,0,True,8,3,3,3,3,True,0,
196,component.kitchen.hardware.material.brass,Brass,0,True,8,3,3,3,3,True,0,
197,component.kitchen.hardware.material.chrome,Chrome,0,True,8,3,3,3,3,True,0,
198,component.kitchen.hardware.material.matte_black,Matte Black,0,True,8,3,3,3,3,True,0,
199,component.kitchen.hardware.type.bar_pull,Bar Pull,0,True,8,3,3,3,3,True,0,
200,component.kitchen.hardware.type.handleless,Handleless,0,True,8,3,3,3,3,True,0,
201,component.kitchen.hardware.type.knob,Knob,0,True,8,3,3,3,3,True,0,
202,component.wall.material.brick_exposed,Brick Exposed,0,True,8,3,3,3,3,True,0,
203,component.wall.material.stone_wall,Stone Wall,0,True,8,3,3,3,3,True,0,
204,component.wall.material.wood_slat,Wood Slat,0,True,8,3,3,3,3,True,0,
205,component.wall.treatment.wainscoting,Wainscoting,0,True,8,3,3,3,3,True,0,
206,component.wall.treatment.wallpaper_patterned,Wallpaper Patterned,0,True,8,3,3,3,3,True,0,
207,env.v1_001.illuminance_level_task_surface,Illuminance level (task surface),0,True,8,3,3,3,3,True,0,
208,env.v1_002.illuminance_level_ambient,Illuminance level (ambient),0,True,8,3,3,3,3,True,0,
209,env.v1_003.luminance_distribution,Luminance distribution,0,True,8,3,3,3,3,True,0,
210,env.v1_004.contrast_ratio,Contrast ratio,0,True,8,3,3,3,3,True,0,
211,env.v1_005.uniformity_ratio,Uniformity ratio,0,True,8,3,3,3,3,True,0,
212,env.v1_006.daylight_factor,Daylight factor,0,True,8,3,3,3,3,True,0,
213,env.v1_007.daylight_autonomy,Daylight autonomy,0,True,8,3,3,3,3,True,0,
214,env.v1_008.correlated_color_temperature_cct,Correlated color temperature (CCT),0,True,8,3,3,3,3,True,0,
215,env.v1_009.spectral_power_distribution,Spectral power distribution,0,True,8,3,3,3,3,True,0,
216,env.v1_010.color_rendering_index_cri,Color rendering index (CRI),0,True,8,3,3,3,3,True,0,
217,env.v1_011.melanopic_lux,Melanopic lux,0,True,8,3,3,3,3,True,0,
218,env.v1_012.dominant_wavelength,Dominant wavelength,0,True,8,3,3,3,3,True,0,
219,env.v1_013.flicker_frequency,Flicker frequency,0,True,8,3,3,3,3,True,0,
220,env.v1_014.flicker_modulation_depth,Flicker modulation depth,0,True,8,3,3,3,3,True,0,
221,env.v1_015.circadian_timing_of_exposure,Circadian timing of exposure,0,True,8,3,3,3,3,True,0,
222,env.v1_016.rate_of_illuminance_change,Rate of illuminance change,0,True,8,3,3,3,3,True,0,
223,env.v1_017.diurnal_variation_pattern,Diurnal variation pattern,0,True,8,3,3,3,3,True,0,
224,env.v1_018.direct_indirect_ratio,Direct/indirect ratio,0,True,8,3,3,3,3,True,0,
225,env.v1_019.light_directionality,Light directionality,0,True,8,3,3,3,3,True,0,
226,env.v1_020.unified_glare_rating_ugr,Unified Glare Rating (UGR),0,True,8,3,3,3,3,True,0,
227,env.v1_021.shadow_characteristics,Shadow characteristics,0,True,8,3,3,3,3,True,0,
228,env.v1_022.natural_artificial_ratio,Natural/artificial ratio,0,True,8,3,3,3,3,True,0,
229,env.v1_023.point_vs_diffuse_illumination,Point vs. diffuse illumination,0,True,8,3,3,3,3,True,0,
230,env.v1_024.window_sky_type_visible,Window/sky type visible,0,True,8,3,3,3,3,True,0,
231,env.v1_025.solar_penetration_depth,Solar penetration depth,0,True,8,3,3,3,3,True,0,
232,env.v1_026.view_to_exterior,View to exterior,0,True,8,3,3,3,3,True,0,
233,env.v1_090.ceiling_height,Ceiling height,0,True,8,3,3,3,3,True,0,
234,env.v1_091.room_volume,Room volume,0,True,8,3,3,3,3,True,0,
235,env.v1_092.floor_area,Floor area,0,True,8,3,3,3,3,True,0,
236,env.v1_093.aspect_ratios,Aspect ratios,0,True,8,3,3,3,3,True,0,
237,env.v1_094.degree_of_enclosure,Degree of enclosure,0,True,8,3,3,3,3,True,0,
238,env.v1_095.boundary_definition,Boundary definition,0,True,8,3,3,3,3,True,0,
239,env.v1_096.visual_permeability,Visual permeability,0,True,8,3,3,3,3,True,0,
240,env.v1_097.spatial_layering,Spatial layering,0,True,8,3,3,3,3,True,0,
241,env.v1_098.visual_access_extent,Visual access extent,0,True,8,3,3,3,3,True,0,
242,env.v1_099.prospect_quality,Prospect quality,0,True,8,3,3,3,3,True,0,
243,env.v1_100.refuge_degree,Refuge degree,0,True,8,3,3,3,3,True,0,
244,env.v1_101.prospect_refuge_balance,Prospect-refuge balance,0,True,8,3,3,3,3,True,0,
245,env.v1_102.defensible_space,Defensible space,0,True,8,3,3,3,3,True,0,
246,env.v1_103.plan_complexity,Plan complexity,0,True,8,3,3,3,3,True,0,
247,env.v1_104.spatial_hierarchy,Spatial hierarchy,0,True,8,3,3,3,3,True,0,
248,env.v1_105.wayfinding_affordances,Wayfinding affordances,0,True,8,3,3,3,3,True,0,
249,env.v1_106.mystery,Mystery,0,True,8,3,3,3,3,True,0,
250,env.v1_107.coherence,Coherence,0,True,8,3,3,3,3,True,0,
251,env.v1_108.legibility,Legibility,0,True,8,3,3,3,3,True,0,
252,env.v1_109.angular_vs_curvilinear,Angular vs. curvilinear,0,True,8,3,3,3,3,True,0,
253,env.v1_110.symmetry,Symmetry,0,True,8,3,3,3,3,True,0,
254,env.v1_111.proportion,Proportion,0,True,8,3,3,3,3,True,0,
255,env.v1_112.fractal_dimension,Fractal dimension,0,True,8,3,3,3,3,True,0,
256,env.v1_113.self_similarity_scale_range,Self-similarity scale range,0,True,8,3,3,3,3,True,0,
257,env.v1_114.visual_entropy,Visual entropy,0,True,8,3,3,3,3,True,0,
258,env.v1_115.edge_density,Edge density,0,True,8,3,3,3,3,True,0,
259,env.v1_116.color_diversity,Color diversity,0,True,8,3,3,3,3,True,0,
260,env.v1_117.element_count,Element count,0,True,8,3,3,3,3,True,0,
261,env.v1_118.visual_noise,Visual noise,0,True,8,3,3,3,3,True,0,
262,env.v1_119.pattern_regularity,Pattern regularity,0,True,8,3,3,3,3,True,0,
263,env.v1_120.figure_ground_clarity,Figure-ground clarity,0,True,8,3,3,3,3,True,0,
264,env.v1_121.visual_hierarchy,Visual hierarchy,0,True,8,3,3,3,3,True,0,
265,env.v1_122.vegetation_density,Vegetation density,0,True,8,3,3,3,3,True,0,
266,env.v1_123.vegetation_diversity,Vegetation diversity,0,True,8,3,3,3,3,True,0,
267,env.v1_125.sky_visibility,Sky visibility,0,True,8,3,3,3,3,True,0,
268,env.v1_126.natural_landforms,Natural landforms,0,True,8,3,3,3,3,True,0,
269,env.v1_127.view_distance_layers,View distance layers,0,True,8,3,3,3,3,True,0,
270,env.v1_128.nature_vs_urban_view,Nature vs. urban view,0,True,8,3,3,3,3,True,0,
271,env.v1_129.natural_material_proportion,Natural material proportion,0,True,8,3,3,3,3,True,0,
272,env.v1_130.biomimetic_forms,Biomimetic forms,0,True,8,3,3,3,3,True,0,
273,env.v1_131.natural_light_patterns,Natural light patterns,0,True,8,3,3,3,3,True,0,
274,env.v1_132.spatial_density,Spatial density,0,True,8,3,3,3,3,True,0,
275,env.v1_133.social_density,Social density,0,True,8,3,3,3,3,True,0,
276,env.v1_134.perceived_crowding,Perceived crowding,0,True,8,3,3,3,3,True,0,
277,env.v1_135.visual_privacy,Visual privacy,0,True,8,3,3,3,3,True,0,
278,env.v1_136.acoustic_privacy,Acoustic privacy,0,True,8,3,3,3,3,True,0,
279,env.v1_137.territorial_definition,Territorial definition,0,True,8,3,3,3,3,True,0,
280,env.v1_138.seating_arrangement,Seating arrangement,0,True,8,3,3,3,3,True,0,
281,env.v1_139.collaboration_space_ratio,Collaboration space ratio,0,True,8,3,3,3,3,True,0,
282,env.v1_140.temperature_control,Temperature control,0,True,8,3,3,3,3,True,0,
283,env.v1_141.lighting_control,Lighting control,0,True,8,3,3,3,3,True,0,
284,env.v1_142.acoustic_control,Acoustic control,0,True,8,3,3,3,3,True,0,
285,env.v1_143.window_operation,Window operation,0,True,8,3,3,3,3,True,0,
286,env.v1_144.workspace_personalization,Workspace personalization,0,True,8,3,3,3,3,True,0,
287,env.v1_145.perceived_control,Perceived control,0,True,8,3,3,3,3,True,0,
288,env.v2a_001.color_palette_hue_saturation_lightness_harmony_beyond_cct,Color palette hue/saturation/lightness harmony (beyond CCT),0,True,8,3,3,3,3,True,0,
289,env.v2a_002.warm_vs_cool_white_appearance_cct_and_perceived_coziness_activation_cajochen_et,"Warm vs cool white appearance (CCT) and perceived coziness/activation (Cajochen et al., 2005",0,True,8,3,3,3,3,True,0,
290,env.v2a_003.brightness_level_at_eye_vertical_illuminance_vs_task_plane,Brightness level at eye (vertical illuminance) vs task plane,0,True,8,3,3,3,3,True,0,
291,env.v2a_004.brightness_gradients_and_brightness_contrast_ratios,Brightness gradients and brightness contrast ratios,0,True,8,3,3,3,3,True,0,
292,env.v2a_005.daylight_presence_sky_view_and_view_to_outside_content,"Daylight presence, sky view, and view-to-outside content",0,True,8,3,3,3,3,True,0,
293,env.v2a_006.glare_source_count,Glare source count,0,True,8,3,3,3,3,True,0,
294,env.v2a_007.flicker_temporal_modulation_risk_cues_led_drivers,Flicker/temporal modulation risk cues (LED drivers,0,True,8,3,3,3,3,True,0,
295,env.v2a_008.color_rendering_saturation_rendering,Color rendering / saturation rendering,0,True,8,3,3,3,3,True,0,
296,env.v2a_009.shadow_softness_hardness,Shadow softness/hardness,0,True,8,3,3,3,3,True,0,
297,env.v2a_010.lighting_control_cues_dimmers_blinds_task_lights,"Lighting control cues: dimmers, blinds, task lights",0,True,8,3,3,3,3,True,0,
298,env.v2a_011.evening_like_ambience_cues_vs_daytime_like_ambience_cues,Evening-like ambience cues vs daytime-like ambience cues,0,True,8,3,3,3,3,True,0,
299,env.v2a_012.visual_privacy_via_lighting_backlit_silhouettes_vs_evenly_lit_faces,Visual privacy via lighting: backlit silhouettes vs evenly lit faces,0,True,8,3,3,3,3,True,0,
300,env.v2a_013.high_contrast_spotlight_social_exposure_cues,High contrast ‘spotlight’ social exposure cues,0,True,8,3,3,3,3,True,0,
301,env.v2a_014.presence_of_natural_light_patterns,Presence of natural light patterns,0,True,8,3,3,3,3,True,0,
302,env.v2a_015.lighting_temperature_mismatch,Lighting ‘temperature mismatch’,0,True,8,3,3,3,3,True,0,
303,env.v2a_067.ceiling_height_and_openness_processing_style,Ceiling height and openness (processing style,0,True,8,3,3,3,3,True,0,
304,env.v2a_068.room_scale_cues,Room scale cues,0,True,8,3,3,3,3,True,0,
305,env.v2a_069.enclosure_ratio_wall_to_window_balance,Enclosure ratio: wall-to-window balance,0,True,8,3,3,3,3,True,0,
306,env.v2a_071.exit_visibility_and_path_to_exit_complexity,Exit visibility and path-to-exit complexity,0,True,8,3,3,3,3,True,0,
307,env.v2a_072.blind_corners_vs_transparent_partitions,Blind corners vs transparent partitions,0,True,8,3,3,3,3,True,0,
308,env.v2a_073.distance_to_others,Distance to others,0,True,8,3,3,3,3,True,0,
309,env.v2a_074.wayfinding_legibility_straight_sightlines,Wayfinding legibility: straight sightlines,0,True,8,3,3,3,3,True,0,
310,env.v2a_075.spatial_complexity_branching_corridors_vs_simple_loops,Spatial complexity: branching corridors vs simple loops,0,True,8,3,3,3,3,True,0,
311,env.v2a_076.perceived_territoriality_defined_zones_vs_ambiguous_shared_space,Perceived territoriality: defined zones vs ambiguous shared space.,0,True,8,3,3,3,3,True,0,
312,env.v2a_077.barrier_permeability_half_walls_vs_full_walls,Barrier permeability: half-walls vs full walls,0,True,8,3,3,3,3,True,0,
313,env.v2a_078.visual_access_to_outdoors_nature_as_escape_affordance,Visual access to outdoors/nature as ‘escape’ affordance.,0,True,8,3,3,3,3,True,0,
314,env.v2a_079.seating_prospect_facing_entrance_vs_back_to_entrance,Seating prospect: facing entrance vs back to entrance,0,True,8,3,3,3,3,True,0,
315,env.v2a_080.verticality_cues,Verticality cues,0,True,8,3,3,3,3,True,0,
316,env.v2a_081.personal_safety_affordances_lighting_in_corners,Personal safety affordances: lighting in corners,0,True,8,3,3,3,3,True,0,
317,env.v2a_082.curvature_prevalence_vs_sharp_angles,Curvature prevalence vs sharp angles,0,True,8,3,3,3,3,True,0,
318,env.v2a_083.symmetry_and_regularity,Symmetry and regularity,0,True,8,3,3,3,3,True,0,
319,env.v2a_084.fractal_self_similar_edge_statistics,Fractal/self-similar edge statistics,0,True,8,3,3,3,3,True,0,
320,env.v2a_085.clutter_disorder_object_density_occlusion_surface_coverage,"Clutter/disorder: object density, occlusion, surface coverage",0,True,8,3,3,3,3,True,0,
321,env.v2a_086.cleanliness_maintenance_stains_damage_wear,"Cleanliness/maintenance: stains, damage, wear",0,True,8,3,3,3,3,True,0,
322,env.v2a_087.color_diversity_and_saturation,Color diversity and saturation,0,True,8,3,3,3,3,True,0,
323,env.v2a_088.texture_density,Texture density,0,True,8,3,3,3,3,True,0,
324,env.v2a_089.artwork_density_and_semantic_content,Artwork density and semantic content,0,True,8,3,3,3,3,True,0,
325,env.v2a_090.naturalness_of_materials,Naturalness of materials,0,True,8,3,3,3,3,True,0,
326,env.v2a_091.visual_complexity_gradients,Visual complexity gradients,0,True,8,3,3,3,3,True,0,
327,env.v2a_092.signage_density_informational_load,Signage density (informational load,0,True,8,3,3,3,3,True,0,
328,env.v2a_093.visual_affordances_for_organization,Visual affordances for organization,0,True,8,3,3,3,3,True,0,
329,env.v2a_094.orderliness_of_lines_alignment,Orderliness of lines: alignment,0,True,8,3,3,3,3,True,0,
330,env.v2a_095.perceptual_mystery_cues,Perceptual ‘mystery’ cues,0,True,8,3,3,3,3,True,0,
331,env.v2a_096.visible_vegetation_quantity_proximity_and_distribution,"Visible vegetation quantity, proximity, and distribution",0,True,8,3,3,3,3,True,0,
332,env.v2a_097.window_view_content_greenery_sky_water_vs_built_up,"Window view content: greenery, sky, water vs built-up",0,True,8,3,3,3,3,True,0,
333,env.v2a_099.blue_space,Blue-space,0,True,8,3,3,3,3,True,0,
334,env.v2a_100.prospect_to_distant_views,Prospect to distant views,0,True,8,3,3,3,3,True,0,
335,env.v2a_101.natural_ventilation_cues,Natural ventilation cues,0,True,8,3,3,3,3,True,0,
336,env.v2a_102.natural_sound_sources,Natural sound sources,0,True,8,3,3,3,3,True,0,
337,env.v2a_103.daylight_nature_coupling,Daylight + nature coupling,0,True,8,3,3,3,3,True,0,
338,env.v2a_104.seasonal_cues,Seasonal cues,0,True,8,3,3,3,3,True,0,
339,env.v2a_105.animal_presence_cues,Animal presence cues,0,True,8,3,3,3,3,True,0,
340,env.v2a_106.sociopetal_seating,Sociopetal seating,0,True,8,3,3,3,3,True,0,
341,env.v2a_107.density_crowding_proxies_chairs_per_area_people_present_queueing_lines,"Density/crowding proxies: chairs per area, people present, queueing lines",0,True,8,3,3,3,3,True,0,
342,env.v2a_108.surveillance_cues_cameras_exposed_workstations_panoramic_visibility,"Surveillance cues: cameras, exposed workstations, panoramic visibility",0,True,8,3,3,3,3,True,0,
343,env.v2a_109.privacy_cues_partitions_doors_curtains,"Privacy cues: partitions, doors, curtains",0,True,8,3,3,3,3,True,0,
344,env.v2a_110.territoriality_markers_name_plates,Territoriality markers: name plates,0,True,8,3,3,3,3,True,0,
345,env.v2a_111.norm_cues_formal_vs_informal,Norm cues: formal vs informal,0,True,8,3,3,3,3,True,0,
346,env.v2a_112.shared_resource_competition_cues,Shared-resource competition cues,0,True,8,3,3,3,3,True,0,
347,env.v2a_113.social_mixing_affordances,Social mixing affordances,0,True,8,3,3,3,3,True,0,
348,env.v2a_114.conflict_overhearing_risk_cues,Conflict/overhearing risk cues,0,True,8,3,3,3,3,True,0,
349,env.v2a_115.waiting_time_cues,Waiting-time cues,0,True,8,3,3,3,3,True,0,
350,env.v2a_116.user_controls_visible_and_accessible_dimmers_blinds_thermostats,"User controls visible and accessible: dimmers, blinds, thermostats",0,True,8,3,3,3,3,True,0,
351,env.v2a_117.furniture_adjustability_movable_chairs_tables,Furniture adjustability: movable chairs/tables,0,True,8,3,3,3,3,True,0,
352,env.v2a_118.choice_richness_multiple_zones,Choice richness: multiple zones,0,True,8,3,3,3,3,True,0,
353,env.v2a_119.personalization_affordances_pinboards,Personalization affordances: pinboards,0,True,8,3,3,3,3,True,0,
354,env.v2a_120.policy_cues_restricting_control,Policy cues restricting control,0,True,8,3,3,3,3,True,0,
355,env.v2a_121.control_over_privacy_doors,Control over privacy: doors,0,True,8,3,3,3,3,True,0,
356,env.v2a_122.control_over_sound_headsets,Control over sound: headsets,0,True,8,3,3,3,3,True,0,
357,env.v2a_123.control_over_thermal_fans,Control over thermal: fans,0,True,8,3,3,3,3,True,0,
358,env.v2a_124.control_over_lighting_task_lamps,Control over lighting: task lamps,0,True,8,3,3,3,3,True,0,
359,env.v2a_125.information_control_clear_wayfinding_reduces_uncertainty,Information control: clear wayfinding reduces uncertainty.,0,True,8,3,3,3,3,True,0,
360,fluency.symmetry,Symmetry,0,True,8,3,3,3,3,True,0,
361,isovist.area_25d,Area 25D,0,True,8,3,3,3,3,True,0,
362,isovist.compactness_25d,Compactness 25D,0,True,8,3,3,3,3,True,0,
363,isovist.confidence,Confidence,0,True,8,3,3,3,3,True,0,
364,material.glass_coverage,Glass Coverage,0,True,8,3,3,3,3,True,0,
365,material.metal_coverage,Metal Coverage,0,True,8,3,3,3,3,True,0,
366,material.wood_coverage,Wood Coverage,0,True,8,3,3,3,3,True,0,
367,materials.cues.brightness_mean,Brightness Mean,0,True,8,3,3,3,3,True,0,
368,materials.cues.saturation_mean,Saturation Mean,0,True,8,3,3,3,3,True,0,
369,materials.cues.specularity_proxy,Specularity Proxy,0,True,8,3,3,3,3,True,0,
370,materials.cues.texture_variance,Texture Variance,0,True,8,3,3,3,3,True,0,
371,materials.cues.value_mean,Value Mean,0,True,8,3,3,3,3,True,0,
372,materials.substrate.plaster_gypsum,Plaster Gypsum,0,True,8,3,3,3,3,True,0,
373,materials.substrate.stone_concrete,Stone Concrete,0,True,8,3,3,3,3,True,0,
374,materials.substrate.tile_ceramic,Tile Ceramic,0,True,8,3,3,3,3,True,0,
375,provenance.architect_kengo_kuma,Architect Kengo Kuma,0,True,8,3,3,3,3,True,0,
376,provenance.architect_le_corbusier,Architect Le Corbusier,0,True,8,3,3,3,3,True,0,
377,provenance.iconic_chair_barcelona,Iconic Chair Barcelona,0,True,8,3,3,3,3,True,0,
378,provenance.iconic_chair_eames,Iconic Chair Eames,0,True,8,3,3,3,3,True,0,
379,psych.coziness,Coziness,0,True,8,3,3,3,3,True,0,
380,science.organized_complexity,Organized Complexity,0,True,8,3,3,3,3,True,0,
381,science.organized_complexity_bin,Organized Complexity Bin,0,True,8,3,3,3,3,True,0,
382,science.visual_richness,Visual Richness,0,True,8,3,3,3,3,True,0,
383,science.visual_richness_bin,Visual Richness Bin,0,True,8,3,3,3,3,True,0,
384,smell.concentration_dfa_exponent,Concentration Dfa Exponent,0,True,8,3,3,3,3,True,0,
385,smell.intensity_rating,Intensity Rating,0,True,8,3,3,3,3,True,0,
386,smell.pleasantness_rating,Pleasantness Rating,0,True,8,3,3,3,3,True,0,
387,social.occupancy,Occupancy,0,True,8,3,3,3,3,True,0,
388,social.privacy,Privacy,0,True,8,3,3,3,3,True,0,
389,social.sociopetal,Sociopetal,0,True,8,3,3,3,3,True,0,
390,sound.amplitude_fractal_dimension,Amplitude Fractal Dimension,0,True,8,3,3,3,3,True,0,
391,sound.noise_color_beta,Noise Color Beta,0,True,8,3,3,3,3,True,0,
392,sound.one_over_f_slope,One Over F Slope,0,True,8,3,3,3,3,True,0,
393,sound.reverberation_rt60,Reverberation Rt60,0,True,8,3,3,3,3,True,0,
394,spatial.central_openness,Central Openness,0,True,8,3,3,3,3,True,0,
395,spatial.depth_contrast,Depth Contrast,0,True,8,3,3,3,3,True,0,
396,spatial.depth_mean,Depth Mean,0,True,8,3,3,3,3,True,0,
397,spatial.isovist_openness,Isovist Openness,0,True,8,3,3,3,3,True,0,
398,spatial.refuge_quality,Refuge Quality,0,True,8,3,3,3,3,True,0,
399,spatial.room_function.bathroom,Bathroom,0,True,8,3,3,3,3,True,0,
400,spatial.room_function.bedroom,Bedroom,0,True,8,3,3,3,3,True,0,
401,spatial.room_function.home_office,Home Office,0,True,8,3,3,3,3,True,0,
402,spatial.room_function.kitchen,Kitchen,0,True,8,3,3,3,3,True,0,
403,spatial.room_function.living_room,Living Room,0,True,8,3,3,3,3,True,0,
404,spatial.visual_clutter,Visual Clutter,0,True,8,3,3,3,3,True,0,
405,style.bohemian,Bohemian,0,True,8,3,3,3,3,True,0,
406,style.farmhouse,Farmhouse,0,True,8,3,3,3,3,True,0,
407,style.industrial,Industrial,0,True,8,3,3,3,3,True,0,
408,style.japandi,Japandi,0,True,8,3,3,3,3,True,0,
409,style.mid_century_modern,Mid Century Modern,0,True,8,3,3,3,3,True,0,
410,style.minimalist,Minimalist,0,True,8,3,3,3,3,True,0,
411,style.modern,Modern,0,True,8,3,3,3,3,True,0,
412,style.modernity,Modernity,0,True,8,3,3,3,3,True,0,
413,style.rustic,Rustic,0,True,8,3,3,3,3,True,0,
414,style.scandinavian,Scandinavian,0,True,8,3,3,3,3,True,0,
415,style.traditional,Traditional,0,True,8,3,3,3,3,True,0,
416,tag.evidence_pointer,Evidence Pointer,0,True,8,3,3,3,3,True,0,
417,tag.request_source,Request Source,0,True,8,3,3,3,3,True,0,
418,texture.macro.contrast,Contrast,0,True,8,3,3,3,3,True,0,
419,texture.macro.homogeneity,Homogeneity,0,True,8,3,3,3,3,True,0,
420,texture.micro.contrast,Contrast,0,True,8,3,3,3,3,True,0,
421,texture.micro.homogeneity,Homogeneity,0,True,8,3,3,3,3,True,0,
422,touch.haptic_fractal_dimension,Haptic Fractal Dimension,0,True,8,3,3,3,3,True,0,
423,touch.hardness_rating,Hardness Rating,0,True,8,3,3,3,3,True,0,
424,touch.surface_roughness_spectrum_slope,Surface Roughness Spectrum Slope,0,True,8,3,3,3,3,True,0,
