tag_id,canonical_name,namespace,evidence_type,allowed_inputs,relation_count
affect.cozy,Cozy,affect,metadata,image_3d;metadata,0
affect.jarring,Jarring,affect,metadata,image_3d;metadata,0
affect.scary,Scary,affect,metadata,image_3d;metadata,0
affect.tranquil,Tranquil,affect,metadata,image_3d;metadata,0
affect.welcoming,Welcoming,affect,metadata,image_3d;metadata,0
affordance.isovist_area,Isovist Area,affordance,image_3d,image_2d;image_3d,0
affordance.seating_count,Seating Count,affordance,image_3d,image_2d;image_3d,0
arch.pattern.axial_circulation_clear,Axial Circulation Clear,arch,image_3d,image_2d;image_3d,0
arch.pattern.bay_window,Bay Window,arch,image_3d,image_2d;image_3d,0
arch.pattern.central_hearth,Central Hearth,arch,image_3d,image_2d;image_3d,0
arch.pattern.circulation_maze_like,Circulation Maze Like,arch,image_3d,image_2d;image_3d,0
arch.pattern.colonnade,Colonnade,arch,image_3d,image_2d;image_3d,0
arch.pattern.corner_window,Corner Window,arch,image_3d,image_2d;image_3d,0
arch.pattern.daylight_hard,Daylight Hard,arch,image_3d,image_2d;image_3d,0
arch.pattern.daylight_soft,Daylight Soft,arch,image_3d,image_2d;image_3d,0
arch.pattern.double_height_space,Double Height Space,arch,image_3d,image_2d;image_3d,0
arch.pattern.gallery_edge,Gallery Edge,arch,image_3d,image_2d;image_3d,0
arch.pattern.loft_mezzanine,Loft Mezzanine,arch,image_3d,image_2d;image_3d,0
arch.pattern.long_view_corridor,Long View Corridor,arch,image_3d,image_2d;image_3d,0
arch.pattern.perimeter_seating,Perimeter Seating,arch,image_3d,image_2d;image_3d,0
arch.pattern.prospect_strong,Prospect Strong,arch,image_3d,image_2d;image_3d,0
arch.pattern.refuge_nook,Refuge Nook,arch,image_3d,image_2d;image_3d,0
arch.pattern.refuge_strong,Refuge Strong,arch,image_3d,image_2d;image_3d,0
arch.pattern.skylight_dominant,Skylight Dominant,arch,image_3d,image_2d;image_3d,0
arch.pattern.staircase_sculptural,Staircase Sculptural,arch,image_3d,image_2d;image_3d,0
arch.pattern.threshold_emphasized,Threshold Emphasized,arch,image_3d,image_2d;image_3d,0
arch.pattern.window_seat_niche,Window Seat Niche,arch,image_3d,image_2d;image_3d,0
biophilia.plant_count,Plant Count,biophilia,image_3d,image_2d;image_3d,0
cnfa.biophilic.natural_material_ratio,Natural Material Ratio,cnfa,sensor,computed;image_2d;image_3d;sensor,0
cnfa.cognitive.activity_zones_count,Activity Zones Count,cnfa,sensor,computed;image_2d;image_3d;sensor,0
cnfa.cognitive.landmark_salience,Landmark Salience,cnfa,sensor,computed;image_2d;image_3d;sensor,0
cnfa.cognitive.legibility_score,Legibility Score,cnfa,sensor,computed;image_2d;image_3d;sensor,0
cnfa.depth.depth_variance,Depth Variance,cnfa,sensor,computed;image_2d;image_3d;sensor,0
cnfa.depth.mean_depth,Mean Depth,cnfa,sensor,computed;image_2d;image_3d;sensor,0
cnfa.dynamic.optic_flow_magnitude,Optic Flow Magnitude,cnfa,sensor,computed;image_2d;image_3d;sensor,0
cnfa.dynamic.path_glare_max,Path Glare Max,cnfa,sensor,computed;image_2d;image_3d;sensor,0
cnfa.dynamic.reflection_flow,Reflection Flow,cnfa,sensor,computed;image_2d;image_3d;sensor,0
cnfa.dynamic.revelation_rate,Revelation Rate,cnfa,sensor,computed;image_2d;image_3d;sensor,0
cnfa.dynamic.texture_gradient,Texture Gradient,cnfa,sensor,computed;image_2d;image_3d;sensor,0
cnfa.fluency.anomaly_count,Anomaly Count,cnfa,sensor,computed;image_2d;image_3d;sensor,0
cnfa.fluency.autoencoder_recon_error,Autoencoder Recon Error,cnfa,sensor,computed;image_2d;image_3d;sensor,0
cnfa.fluency.clutter_density_count,Clutter Density Count,cnfa,sensor,computed;image_2d;image_3d;sensor,0
cnfa.fluency.color_palette_entropy,Color Palette Entropy,cnfa,sensor,computed;image_2d;image_3d;sensor,0
cnfa.fluency.compression_ratio,Compression Ratio,cnfa,sensor,computed;image_2d;image_3d;sensor,0
cnfa.fluency.edge_clarity_mean,Edge Clarity Mean,cnfa,sensor,computed;image_2d;image_3d;sensor,0
cnfa.fluency.figure_ground_clarity,Figure Ground Clarity,cnfa,sensor,computed;image_2d;image_3d;sensor,0
cnfa.fluency.hierarchy_depth,Hierarchy Depth,cnfa,sensor,computed;image_2d;image_3d;sensor,0
cnfa.fluency.map.edge_density,Edge Density,cnfa,sensor,computed;image_2d;image_3d;sensor,0
cnfa.fluency.map.fractal_dimension,Fractal Dimension,cnfa,sensor,computed;image_2d;image_3d;sensor,0
cnfa.fluency.map.spatial_entropy,Spatial Entropy,cnfa,sensor,computed;image_2d;image_3d;sensor,0
cnfa.fluency.map.symmetry,Symmetry,cnfa,sensor,computed;image_2d;image_3d;sensor,0
cnfa.fluency.pattern_rhythm_regularity,Pattern Rhythm Regularity,cnfa,sensor,computed;image_2d;image_3d;sensor,0
cnfa.fluency.processing_load_proxy,Processing Load Proxy,cnfa,sensor,computed;image_2d;image_3d;sensor,0
cnfa.fluency.surprisal_mean,Surprisal Mean,cnfa,sensor,computed;image_2d;image_3d;sensor,0
cnfa.fluency.symmetry_score_horizontal,Symmetry Score Horizontal,cnfa,sensor,computed;image_2d;image_3d;sensor,0
cnfa.fluency.visual_entropy_spatial,Visual Entropy Spatial,cnfa,sensor,computed;image_2d;image_3d;sensor,0
cnfa.fluency.zoning_clarity,Zoning Clarity,cnfa,sensor,computed;image_2d;image_3d;sensor,0
cnfa.fractal.lacunarity,Lacunarity,cnfa,sensor,computed;image_2d;image_3d;sensor,0
cnfa.fractal.multifractal_width,Multifractal Width,cnfa,sensor,computed;image_2d;image_3d;sensor,0
cnfa.fractal.spectral_slope_1overf,Spectral Slope 1Overf,cnfa,sensor,computed;image_2d;image_3d;sensor,0
cnfa.fractal_dimension,Fractal Dimension,cnfa,sensor,computed;image_2d;image_3d;sensor,0
cnfa.fractal_dimension_edges,Fractal Dimension Edges,cnfa,sensor,computed;image_2d;image_3d;sensor,0
cnfa.fractal_dimension_luminance,Fractal Dimension Luminance,cnfa,sensor,computed;image_2d;image_3d;sensor,0
cnfa.geometry.curvature_index,Curvature Index,cnfa,sensor,computed;image_2d;image_3d;sensor,0
cnfa.geometry.fractal_curve_intersection,Fractal Curve Intersection,cnfa,sensor,computed;image_2d;image_3d;sensor,0
cnfa.geometry.rectilinearity_index,Rectilinearity Index,cnfa,sensor,computed;image_2d;image_3d;sensor,0
cnfa.haptic.soft_surface_ratio,Soft Surface Ratio,cnfa,sensor,computed;image_2d;image_3d;sensor,0
cnfa.haptic.texture_variation_index,Texture Variation Index,cnfa,sensor,computed;image_2d;image_3d;sensor,0
cnfa.layout.opening_ratio,Opening Ratio,cnfa,sensor,computed;image_2d;image_3d;sensor,0
cnfa.light.brightness_variance,Brightness Variance,cnfa,sensor,computed;image_2d;image_3d;sensor,0
cnfa.light.diffuse_vs_direct_ratio,Diffuse Vs Direct Ratio,cnfa,sensor,computed;image_2d;image_3d;sensor,0
cnfa.light.vertical_illuminance_proxy,Vertical Illuminance Proxy,cnfa,sensor,computed;image_2d;image_3d;sensor,0
cnfa.light.warm_vs_cool_ratio,Warm Vs Cool Ratio,cnfa,sensor,computed;image_2d;image_3d;sensor,0
cnfa.spatial.ceiling_height_avg,Ceiling Height Avg,cnfa,sensor,computed;image_2d;image_3d;sensor,0
cnfa.spatial.enclosure_index,Enclosure Index,cnfa,sensor,computed;image_2d;image_3d;sensor,0
cnfa.spatial.prospect_to_refuge_ratio,Prospect To Refuge Ratio,cnfa,sensor,computed;image_2d;image_3d;sensor,0
cognitive.coherence,Coherence,cognitive,metadata,image_2d;image_3d;metadata,0
cognitive.complexity,Complexity,cognitive,metadata,image_2d;image_3d;metadata,0
cognitive.error,Error,cognitive,metadata,image_2d;image_3d;metadata,0
cognitive.legibility,Legibility,cognitive,metadata,image_2d;image_3d;metadata,0
cognitive.mystery,Mystery,cognitive,metadata,image_2d;image_3d;metadata,0
cognitive.restoration,Restoration,cognitive,metadata,image_2d;image_3d;metadata,0
color.lab_volume,Lab Volume,color,sensor,image_2d;image_3d;sensor,0
color.lightness_contrast,Lightness Contrast,color,image_3d,image_2d;image_3d,0
color.luminance,Luminance,color,image_3d,image_2d;image_3d,0
color.perceptual_lightness,Perceptual Lightness,color,image_3d,image_2d;image_3d,0
color.saturation,Saturation,color,image_3d,image_2d;image_3d,0
color.warmth,Warmth,color,image_3d,image_2d;image_3d,0
color.warmth_ratio,Warmth Ratio,color,image_3d,image_2d;image_3d,0
complexity.edge_density,Edge Density,complexity,sensor,computed;image_2d;image_3d;sensor,0
complexity.shannon_entropy,Shannon Entropy,complexity,sensor,computed;image_2d;image_3d;sensor,0
complexity.spatial_entropy,Spatial Entropy,complexity,sensor,computed;image_2d;image_3d;sensor,0
component.bathroom.fixture.material.brass,Brass,component,image_3d,image_2d;image_3d,0
component.bathroom.fixture.material.matte_black,Matte Black,component,image_3d,image_2d;image_3d,0
component.bathroom.fixture.type.rain_showerhead,Rain Showerhead,component,image_3d,image_2d;image_3d,0
component.ceiling.coffered,Coffered,component,image_3d,image_2d;image_3d,0
component.ceiling.cove_lighting,Cove Lighting,component,image_3d,image_2d;image_3d,0
component.ceiling.exposed_beam,Exposed Beam,component,image_3d,image_2d;image_3d,0
component.ceiling.tray,Tray,component,image_3d,image_2d;image_3d,0
component.ceiling.vaulted,Vaulted,component,image_3d,image_2d;image_3d,0
component.kitchen.hardware.material.brass,Brass,component,image_3d,image_2d;image_3d,0
component.kitchen.hardware.material.chrome,Chrome,component,image_3d,image_2d;image_3d,0
component.kitchen.hardware.material.matte_black,Matte Black,component,image_3d,image_2d;image_3d,0
component.kitchen.hardware.type.bar_pull,Bar Pull,component,image_3d,image_2d;image_3d,0
component.kitchen.hardware.type.handleless,Handleless,component,image_3d,image_2d;image_3d,0
component.kitchen.hardware.type.knob,Knob,component,image_3d,image_2d;image_3d,0
component.wall.material.brick_exposed,Brick Exposed,component,image_3d,image_2d;image_3d,0
component.wall.material.stone_wall,Stone Wall,component,image_3d,image_2d;image_3d,0
component.wall.material.wood_slat,Wood Slat,component,image_3d,image_2d;image_3d,0
component.wall.treatment.wainscoting,Wainscoting,component,image_3d,image_2d;image_3d,0
component.wall.treatment.wallpaper_patterned,Wallpaper Patterned,component,image_3d,image_2d;image_3d,0
env.ae.artworks_prominent,Artworks Prominent,env,image_3d,image_2d;image_3d,2
env.ae.barriers/guards_present,Barriers/Guards Present,env,image_3d,image_2d;image_3d,2
env.ae.clear_circulation_paths,Clear Circulation Paths,env,image_3d,image_2d;image_3d,2
env.ae.clear_exits/wayfinding_signage,Clear Exits/Wayfinding Signage,env,sensor,image_2d;image_3d;sensor,2
env.ae.clear_sightlines,Clear Sightlines,env,image_3d,image_2d;image_3d,2
env.ae.commercial_branding,Commercial Branding,env,computed,computed;image_2d;image_3d,2
env.ae.compartmentalized_plan,Compartmentalized Plan,env,image_3d,image_2d;image_3d,2
env.ae.complex_geometry,Complex Geometry,env,image_3d,image_2d;image_3d,2
env.ae.concrete_prominent,Concrete Prominent,env,image_3d,image_2d;image_3d,2
env.ae.cool_color_palette,Cool Color Palette,env,image_3d,image_2d;image_3d,2
env.ae.cool_lighting_(high_cct),Cool Lighting (High CCT),env,sensor,image_2d;image_3d;metadata;sensor,2
env.ae.crowded_space,Crowded Space,env,computed,computed;image_2d;image_3d,2
env.ae.curvilinear_forms,Curvilinear Forms,env,image_3d,image_2d;image_3d,2
env.ae.daylighting,Daylighting,env,image_3d,image_2d;image_3d,2
env.ae.dynamic_lighting,Dynamic Lighting,env,sensor,image_2d;image_3d;metadata;sensor,2
env.ae.fans_visible,Fans Visible,env,image_3d,image_2d;image_3d,2
env.ae.fractal-like_pattern,Fractal-Like Pattern,env,computed,computed;image_2d;image_3d,2
env.ae.glare_present,Glare Present,env,computed,computed;image_2d;image_3d;metadata,2
env.ae.glass_prominent,Glass Prominent,env,image_3d,image_2d;image_3d,2
env.ae.hard_reflective_surfaces,Hard Reflective Surfaces,env,image_2d,image_2d,2
env.ae.hard_seating,Hard Seating,env,image_2d,image_2d,2
env.ae.hazard_indicators,Hazard Indicators,env,sensor,sensor,2
env.ae.high_ceiling,High Ceiling,env,metadata,image_3d;metadata,2
env.ae.high_ceiling_+_hard_surfaces,High Ceiling + Hard Surfaces,env,metadata,image_3d;metadata,2
env.ae.high_cleanliness,High Cleanliness,env,computed,computed,2
env.ae.high_clutter,High Clutter,env,sensor,computed;sensor,2
env.ae.high_color_contrast,High Color Contrast,env,computed,computed,2
env.ae.high_color_entropy,High Color Entropy,env,image_3d,image_3d,2
env.ae.high_contrast_lighting,High Contrast Lighting,env,computed,computed;metadata,2
env.ae.high_edge_density,High Edge Density,env,image_3d,image_3d,2
env.ae.high_fractal_dimension_(2d),High Fractal Dimension (2D),env,computed,computed;image_3d,2
env.ae.high_illuminance,High Illuminance,env,computed,computed;image_3d,2
env.ae.high_orderliness,High Orderliness,env,computed,computed,2
env.ae.high_saturation,High Saturation,env,computed,computed,2
env.ae.high_seating_density,High Seating Density,env,image_3d,image_3d,2
env.ae.high_spatial_frequency_content,High Spatial Frequency Content,env,computed,computed;image_3d,2
env.ae.high_symmetry,High Symmetry,env,computed,computed;image_2d;image_3d,2
env.ae.high_texture_complexity,High Texture Complexity,env,image_2d,image_2d,2
env.ae.home-like_decor,Home-like Decor,env,image_2d,image_2d,2
env.ae.indoor-outdoor_continuity,Indoor-Outdoor Continuity,env,image_2d,image_2d,2
env.ae.indoor_plants,Indoor Plants,env,image_3d,image_2d;image_3d,2
env.ae.institutional_decor,Institutional Decor,env,image_2d,image_2d,2
env.ae.irregular_pattern,Irregular Pattern,env,sensor,computed;sensor,2
env.ae.large_enclosure_volume,Large Enclosure Volume,env,image_3d,image_3d,2
env.ae.large_window_area,Large Window Area,env,image_3d,image_3d,2
env.ae.low_ceiling,Low Ceiling,env,metadata,image_3d;metadata,2
env.ae.low_edge_density,Low Edge Density,env,image_3d,image_3d,2
env.ae.low_illuminance,Low Illuminance,env,computed,computed;image_3d,2
env.ae.low_orderliness,Low Orderliness,env,computed,computed;image_3d,2
env.ae.low_saturation,Low Saturation,env,computed,computed,2
env.ae.low_spatial_frequency_content,Low Spatial Frequency Content,env,image_3d,image_3d,2
env.ae.low_symmetry,Low Symmetry,env,computed,computed;image_3d,2
env.ae.low_texture_complexity,Low Texture Complexity,env,image_2d,image_2d,2
env.ae.maze-like_layout,Maze-Like Layout,env,sensor,computed;image_2d;sensor,2
env.ae.metal_prominent,Metal Prominent,env,image_2d,image_2d,2
env.ae.minimal_signage,Minimal Signage,env,sensor,sensor,2
env.ae.monochrome/minimal_palette,Monochrome/Minimal Palette,env,image_2d,image_2d,2
env.ae.narrow_corridor,Narrow Corridor,env,computed,computed;image_3d;metadata,2
env.ae.natural/earthy_palette,Natural/Earthy Palette,env,image_2d,image_2d,2
env.ae.naturalistic_forms,Naturalistic Forms,env,image_3d,image_3d,2
env.ae.nature_imagery,Nature Imagery,env,image_2d,image_2d,2
env.ae.occluded_sightlines,Occluded Sightlines,env,computed,computed;image_3d,2
env.ae.open_plan,Open Plan,env,image_2d,image_2d,2
env.ae.open_windows,Open Windows,env,image_2d,image_2d,2
env.ae.poor_visibility_/_dark_corners,Poor Visibility / Dark Corners,env,computed,computed,2
env.ae.private/enclosed_niche,Private/Enclosed Niche,env,computed,computed,2
env.ae.public/exposed_area,Public/Exposed Area,env,computed,computed,2
env.ae.rectilinear_forms,Rectilinear Forms,env,image_3d,image_3d,2
env.ae.religious_symbols,Religious Symbols,env,sensor,sensor,2
env.ae.repeating_pattern,Repeating Pattern,env,image_3d,image_3d,2
env.ae.seating_available,Seating Available,env,sensor,sensor,2
env.ae.soft_acoustic_treatments,Soft Acoustic Treatments,env,sensor,sensor,2
env.ae.soft_seating,Soft Seating,env,image_2d,image_2d,2
env.ae.sparse_occupancy,Sparse Occupancy,env,image_2d,image_2d,2
env.ae.stone/marble_prominent,Stone/Marble Prominent,env,image_2d,image_2d,2
env.ae.strong_central_landmark,Strong Central Landmark,env,computed,computed;image_3d,2
env.ae.strong_horizontality,Strong Horizontality,env,image_3d,image_3d,2
env.ae.strong_verticality,Strong Verticality,env,image_2d,image_2d,2
env.ae.surveillance_/_cameras_visible,Surveillance / Cameras Visible,env,image_2d,image_2d,2
env.ae.text/information_density_high,Text/Information Density High,env,sensor,computed;image_3d;sensor,2
env.ae.textiles/soft_furnishings,Textiles/Soft Furnishings,env,image_2d,image_2d,2
env.ae.uniform_lighting,Uniform Lighting,env,computed,computed,2
env.ae.view_to_outdoors,View to Outdoors,env,image_3d,image_2d;image_3d,2
env.ae.visible_dirt/decay,Visible Dirt/Decay,env,image_2d,image_2d,2
env.ae.visible_hvac_vents,Visible HVAC Vents,env,sensor,metadata;sensor,2
env.ae.visible_windows,Visible Windows,env,image_2d,image_2d,2
env.ae.warm_color_palette,Warm Color Palette,env,image_2d,image_2d,2
env.ae.warm_lighting,Warm Lighting,env,sensor,computed;metadata;sensor,2
env.ae.well_maintained,Well Maintained,env,image_2d,image_2d,2
env.ae.wood_prominent,Wood Prominent,env,image_2d,image_2d,2
env.ae.work_surfaces_present,Work Surfaces Present,env,image_2d,image_2d,2
env.ae.worn/degraded,Worn/Degraded,env,image_2d,image_2d,2
env.v1_001.illuminance_level_task_surface,Illuminance level (task surface),env,sensor,computed;image_2d;image_3d;sensor,0
env.v1_002.illuminance_level_ambient,Illuminance level (ambient),env,sensor,computed;image_2d;image_3d;sensor,0
env.v1_003.luminance_distribution,Luminance distribution,env,sensor,computed;image_2d;image_3d;sensor,0
env.v1_004.contrast_ratio,Contrast ratio,env,sensor,computed;image_2d;image_3d;sensor,0
env.v1_005.uniformity_ratio,Uniformity ratio,env,sensor,computed;image_2d;image_3d;sensor,0
env.v1_006.daylight_factor,Daylight factor,env,sensor,computed;image_2d;image_3d;sensor,0
env.v1_007.daylight_autonomy,Daylight autonomy,env,sensor,computed;image_2d;image_3d;sensor,0
env.v1_008.correlated_color_temperature_cct,Correlated color temperature (CCT),env,sensor,computed;image_2d;image_3d;sensor,0
env.v1_009.spectral_power_distribution,Spectral power distribution,env,sensor,computed;image_2d;image_3d;sensor,0
env.v1_010.color_rendering_index_cri,Color rendering index (CRI),env,sensor,computed;image_2d;image_3d;sensor,0
env.v1_011.melanopic_lux,Melanopic lux,env,sensor,computed;image_2d;image_3d;sensor,0
env.v1_012.dominant_wavelength,Dominant wavelength,env,sensor,computed;image_2d;image_3d;sensor,0
env.v1_013.flicker_frequency,Flicker frequency,env,sensor,computed;image_2d;image_3d;sensor,0
env.v1_014.flicker_modulation_depth,Flicker modulation depth,env,sensor,computed;image_2d;image_3d;sensor,0
env.v1_015.circadian_timing_of_exposure,Circadian timing of exposure,env,sensor,computed;image_2d;image_3d;sensor,0
env.v1_016.rate_of_illuminance_change,Rate of illuminance change,env,sensor,computed;image_2d;image_3d;sensor,0
env.v1_017.diurnal_variation_pattern,Diurnal variation pattern,env,sensor,computed;image_2d;image_3d;sensor,0
env.v1_018.direct_indirect_ratio,Direct/indirect ratio,env,sensor,computed;image_2d;image_3d;sensor,0
env.v1_019.light_directionality,Light directionality,env,sensor,computed;image_2d;image_3d;sensor,0
env.v1_020.unified_glare_rating_ugr,Unified Glare Rating (UGR),env,sensor,computed;image_2d;image_3d;metadata;sensor,0
env.v1_021.shadow_characteristics,Shadow characteristics,env,sensor,computed;image_2d;image_3d;sensor,0
env.v1_022.natural_artificial_ratio,Natural/artificial ratio,env,sensor,computed;image_2d;image_3d;sensor,0
env.v1_023.point_vs_diffuse_illumination,Point vs. diffuse illumination,env,computed,computed;image_2d;image_3d,0
env.v1_024.window_sky_type_visible,Window/sky type visible,env,sensor,computed;image_2d;image_3d;sensor,0
env.v1_025.solar_penetration_depth,Solar penetration depth,env,sensor,computed;image_2d;image_3d;sensor,0
env.v1_026.view_to_exterior,View to exterior,env,sensor,computed;image_2d;image_3d;sensor,0
env.v1_090.ceiling_height,Ceiling height,env,sensor,computed;image_2d;image_3d;sensor,0
env.v1_091.room_volume,Room volume,env,sensor,computed;image_2d;image_3d;sensor,0
env.v1_092.floor_area,Floor area,env,sensor,computed;image_2d;image_3d;sensor,0
env.v1_093.aspect_ratios,Aspect ratios,env,sensor,computed;image_2d;image_3d;sensor,0
env.v1_094.degree_of_enclosure,Degree of enclosure,env,sensor,computed;image_2d;image_3d;sensor,0
env.v1_095.boundary_definition,Boundary definition,env,sensor,computed;image_2d;image_3d;sensor,0
env.v1_096.visual_permeability,Visual permeability,env,sensor,computed;image_2d;image_3d;sensor,0
env.v1_097.spatial_layering,Spatial layering,env,sensor,computed;image_2d;image_3d;sensor,0
env.v1_098.visual_access_extent,Visual access extent,env,sensor,computed;image_2d;image_3d;sensor,0
env.v1_099.prospect_quality,Prospect quality,env,sensor,computed;image_2d;image_3d;sensor,0
env.v1_100.refuge_degree,Refuge degree,env,sensor,computed;image_2d;image_3d;sensor,0
env.v1_101.prospect_refuge_balance,Prospect-refuge balance,env,sensor,computed;image_2d;image_3d;sensor,0
env.v1_102.defensible_space,Defensible space,env,sensor,computed;image_2d;image_3d;sensor,0
env.v1_103.plan_complexity,Plan complexity,env,sensor,computed;image_2d;image_3d;sensor,0
env.v1_104.spatial_hierarchy,Spatial hierarchy,env,sensor,computed;image_2d;image_3d;sensor,0
env.v1_105.wayfinding_affordances,Wayfinding affordances,env,sensor,computed;image_2d;image_3d;sensor,0
env.v1_106.mystery,Mystery,env,sensor,computed;image_2d;image_3d;sensor,0
env.v1_107.coherence,Coherence,env,sensor,computed;image_2d;image_3d;sensor,0
env.v1_108.legibility,Legibility,env,sensor,computed;image_2d;image_3d;sensor,0
env.v1_109.angular_vs_curvilinear,Angular vs. curvilinear,env,computed,computed;image_2d;image_3d,0
env.v1_110.symmetry,Symmetry,env,sensor,computed;image_2d;image_3d;sensor,0
env.v1_111.proportion,Proportion,env,sensor,computed;image_2d;image_3d;sensor,0
env.v1_112.fractal_dimension,Fractal dimension,env,sensor,computed;image_2d;image_3d;sensor,0
env.v1_113.self_similarity_scale_range,Self-similarity scale range,env,sensor,computed;image_2d;image_3d;sensor,0
env.v1_114.visual_entropy,Visual entropy,env,sensor,computed;image_2d;image_3d;sensor,0
env.v1_115.edge_density,Edge density,env,sensor,computed;image_2d;image_3d;sensor,0
env.v1_116.color_diversity,Color diversity,env,sensor,computed;image_2d;image_3d;sensor,0
env.v1_117.element_count,Element count,env,sensor,computed;image_2d;image_3d;sensor,0
env.v1_118.visual_noise,Visual noise,env,sensor,computed;image_2d;image_3d;sensor,0
env.v1_119.pattern_regularity,Pattern regularity,env,sensor,computed;image_2d;image_3d;sensor,0
env.v1_120.figure_ground_clarity,Figure-ground clarity,env,sensor,computed;image_2d;image_3d;sensor,0
env.v1_121.visual_hierarchy,Visual hierarchy,env,sensor,computed;image_2d;image_3d;sensor,0
env.v1_122.vegetation_density,Vegetation density,env,sensor,computed;image_2d;image_3d;sensor,0
env.v1_123.vegetation_diversity,Vegetation diversity,env,sensor,computed;image_2d;image_3d;sensor,0
env.v1_124.water_features,Water features,env,computed,computed,2
env.v1_125.sky_visibility,Sky visibility,env,sensor,computed;image_2d;image_3d;sensor,0
env.v1_126.natural_landforms,Natural landforms,env,sensor,computed;image_2d;image_3d;sensor,0
env.v1_127.view_distance_layers,View distance layers,env,sensor,computed;image_2d;image_3d;sensor,0
env.v1_128.nature_vs_urban_view,Nature vs. urban view,env,computed,computed;image_2d;image_3d,0
env.v1_129.natural_material_proportion,Natural material proportion,env,sensor,computed;image_2d;image_3d;sensor,0
env.v1_130.biomimetic_forms,Biomimetic forms,env,sensor,computed;image_2d;image_3d;sensor,0
env.v1_131.natural_light_patterns,Natural light patterns,env,sensor,computed;image_2d;image_3d;sensor,0
env.v1_132.spatial_density,Spatial density,env,sensor,computed;image_2d;image_3d;sensor,0
env.v1_133.social_density,Social density,env,sensor,computed;image_2d;image_3d;sensor,0
env.v1_134.perceived_crowding,Perceived crowding,env,sensor,computed;image_2d;image_3d;sensor,0
env.v1_135.visual_privacy,Visual privacy,env,sensor,computed;image_2d;image_3d;sensor,0
env.v1_136.acoustic_privacy,Acoustic privacy,env,sensor,computed;image_2d;image_3d;sensor,0
env.v1_137.territorial_definition,Territorial definition,env,sensor,computed;image_2d;image_3d;sensor,0
env.v1_138.seating_arrangement,Seating arrangement,env,sensor,computed;image_2d;image_3d;sensor,0
env.v1_139.collaboration_space_ratio,Collaboration space ratio,env,sensor,computed;image_2d;image_3d;sensor,0
env.v1_140.temperature_control,Temperature control,env,sensor,computed;image_2d;image_3d;sensor,0
env.v1_141.lighting_control,Lighting control,env,sensor,computed;image_2d;image_3d;sensor,0
env.v1_142.acoustic_control,Acoustic control,env,sensor,computed;image_2d;image_3d;sensor,0
env.v1_143.window_operation,Window operation,env,sensor,computed;image_2d;image_3d;sensor,0
env.v1_144.workspace_personalization,Workspace personalization,env,sensor,computed;image_2d;image_3d;sensor,0
env.v1_145.perceived_control,Perceived control,env,sensor,computed;image_2d;image_3d;sensor,0
env.v2a_001.color_palette_hue_saturation_lightness_harmony_beyond_cct,Color palette hue/saturation/lightness harmony (beyond CCT),env,sensor,computed;image_2d;image_3d;sensor,0
env.v2a_002.warm_vs_cool_white_appearance_cct_and_perceived_coziness_activation_cajochen_et,"Warm vs cool white appearance (CCT) and perceived coziness/activation (Cajochen et al., 2005",env,computed,computed;image_2d;image_3d,0
env.v2a_003.brightness_level_at_eye_vertical_illuminance_vs_task_plane,Brightness level at eye (vertical illuminance) vs task plane,env,sensor,computed;image_2d;image_3d;sensor,0
env.v2a_004.brightness_gradients_and_brightness_contrast_ratios,Brightness gradients and brightness contrast ratios,env,sensor,computed;image_2d;image_3d;sensor,0
env.v2a_005.daylight_presence_sky_view_and_view_to_outside_content,"Daylight presence, sky view, and view-to-outside content",env,sensor,computed;image_2d;image_3d;sensor,0
env.v2a_006.glare_source_count,Glare source count,env,sensor,computed;image_2d;image_3d;metadata;sensor,0
env.v2a_007.flicker_temporal_modulation_risk_cues_led_drivers,Flicker/temporal modulation risk cues (LED drivers,env,sensor,computed;image_2d;image_3d;sensor,0
env.v2a_008.color_rendering_saturation_rendering,Color rendering / saturation rendering,env,sensor,computed;image_2d;image_3d;sensor,0
env.v2a_009.shadow_softness_hardness,Shadow softness/hardness,env,sensor,computed;image_2d;image_3d;sensor,0
env.v2a_010.lighting_control_cues_dimmers_blinds_task_lights,"Lighting control cues: dimmers, blinds, task lights",env,sensor,computed;image_2d;image_3d;sensor,0
env.v2a_011.evening_like_ambience_cues_vs_daytime_like_ambience_cues,Evening-like ambience cues vs daytime-like ambience cues,env,sensor,computed;image_2d;image_3d;sensor,0
env.v2a_012.visual_privacy_via_lighting_backlit_silhouettes_vs_evenly_lit_faces,Visual privacy via lighting: backlit silhouettes vs evenly lit faces,env,sensor,computed;image_2d;image_3d;sensor,0
env.v2a_013.high_contrast_spotlight_social_exposure_cues,High contrast ‘spotlight’ social exposure cues,env,sensor,computed;image_2d;image_3d;sensor,0
env.v2a_014.presence_of_natural_light_patterns,Presence of natural light patterns,env,sensor,computed;image_2d;image_3d;sensor,0
env.v2a_015.lighting_temperature_mismatch,Lighting ‘temperature mismatch’,env,sensor,computed;image_2d;image_3d;sensor,0
env.v2a_067.ceiling_height_and_openness_processing_style,Ceiling height and openness (processing style,env,sensor,computed;image_2d;image_3d;sensor,0
env.v2a_068.room_scale_cues,Room scale cues,env,sensor,computed;image_2d;image_3d;sensor,0
env.v2a_069.enclosure_ratio_wall_to_window_balance,Enclosure ratio: wall-to-window balance,env,sensor,computed;image_2d;image_3d;sensor,0
env.v2a_070.prospect_refuge_ability_to_see_without_being_seen,Prospect–refuge: ability to see without being seen,env,computed,computed;image_2d;image_3d,4
env.v2a_071.exit_visibility_and_path_to_exit_complexity,Exit visibility and path-to-exit complexity,env,sensor,computed;image_2d;image_3d;sensor,0
env.v2a_072.blind_corners_vs_transparent_partitions,Blind corners vs transparent partitions,env,sensor,computed;image_2d;image_3d;sensor,0
env.v2a_073.distance_to_others,Distance to others,env,sensor,computed;image_2d;image_3d;sensor,0
env.v2a_074.wayfinding_legibility_straight_sightlines,Wayfinding legibility: straight sightlines,env,sensor,computed;image_2d;image_3d;sensor,0
env.v2a_075.spatial_complexity_branching_corridors_vs_simple_loops,Spatial complexity: branching corridors vs simple loops,env,sensor,computed;image_2d;image_3d;sensor,0
env.v2a_076.perceived_territoriality_defined_zones_vs_ambiguous_shared_space,Perceived territoriality: defined zones vs ambiguous shared space.,env,computed,computed;image_2d;image_3d,0
env.v2a_077.barrier_permeability_half_walls_vs_full_walls,Barrier permeability: half-walls vs full walls,env,sensor,computed;image_2d;image_3d;sensor,0
env.v2a_078.visual_access_to_outdoors_nature_as_escape_affordance,Visual access to outdoors/nature as ‘escape’ affordance.,env,computed,computed;image_2d;image_3d,0
env.v2a_079.seating_prospect_facing_entrance_vs_back_to_entrance,Seating prospect: facing entrance vs back to entrance,env,sensor,computed;image_2d;image_3d;sensor,0
env.v2a_080.verticality_cues,Verticality cues,env,sensor,computed;image_2d;image_3d;sensor,0
env.v2a_081.personal_safety_affordances_lighting_in_corners,Personal safety affordances: lighting in corners,env,sensor,computed;image_2d;image_3d;sensor,0
env.v2a_082.curvature_prevalence_vs_sharp_angles,Curvature prevalence vs sharp angles,env,sensor,computed;image_2d;image_3d;sensor,0
env.v2a_083.symmetry_and_regularity,Symmetry and regularity,env,sensor,computed;image_2d;image_3d;sensor,0
env.v2a_084.fractal_self_similar_edge_statistics,Fractal/self-similar edge statistics,env,sensor,computed;image_2d;image_3d;sensor,0
env.v2a_085.clutter_disorder_object_density_occlusion_surface_coverage,"Clutter/disorder: object density, occlusion, surface coverage",env,sensor,computed;image_2d;image_3d;sensor,0
env.v2a_086.cleanliness_maintenance_stains_damage_wear,"Cleanliness/maintenance: stains, damage, wear",env,sensor,computed;image_2d;image_3d;sensor,0
env.v2a_087.color_diversity_and_saturation,Color diversity and saturation,env,sensor,computed;image_2d;image_3d;sensor,0
env.v2a_088.texture_density,Texture density,env,sensor,computed;image_2d;image_3d;sensor,0
env.v2a_089.artwork_density_and_semantic_content,Artwork density and semantic content,env,sensor,computed;image_2d;image_3d;sensor,0
env.v2a_090.naturalness_of_materials,Naturalness of materials,env,sensor,computed;image_2d;image_3d;sensor,0
env.v2a_091.visual_complexity_gradients,Visual complexity gradients,env,sensor,computed;image_2d;image_3d;sensor,0
env.v2a_092.signage_density_informational_load,Signage density (informational load,env,sensor,computed;image_2d;image_3d;sensor,0
env.v2a_093.visual_affordances_for_organization,Visual affordances for organization,env,sensor,computed;image_2d;image_3d;sensor,0
env.v2a_094.orderliness_of_lines_alignment,Orderliness of lines: alignment,env,sensor,computed;image_2d;image_3d;sensor,0
env.v2a_095.perceptual_mystery_cues,Perceptual ‘mystery’ cues,env,sensor,computed;image_2d;image_3d;sensor,0
env.v2a_096.visible_vegetation_quantity_proximity_and_distribution,"Visible vegetation quantity, proximity, and distribution",env,sensor,computed;image_2d;image_3d;sensor,0
env.v2a_097.window_view_content_greenery_sky_water_vs_built_up,"Window view content: greenery, sky, water vs built-up",env,sensor,computed;image_2d;image_3d;sensor,0
env.v2a_098.natural_materials_wood_stone,Natural materials: wood/stone,env,computed,computed,2
env.v2a_099.blue_space,Blue-space,env,sensor,computed;image_2d;image_3d;sensor,0
env.v2a_100.prospect_to_distant_views,Prospect to distant views,env,sensor,computed;image_2d;image_3d;sensor,0
env.v2a_101.natural_ventilation_cues,Natural ventilation cues,env,sensor,computed;image_2d;image_3d;sensor,0
env.v2a_102.natural_sound_sources,Natural sound sources,env,sensor,computed;image_2d;image_3d;metadata;sensor,0
env.v2a_103.daylight_nature_coupling,Daylight + nature coupling,env,sensor,computed;image_2d;image_3d;sensor,0
env.v2a_104.seasonal_cues,Seasonal cues,env,sensor,computed;image_2d;image_3d;sensor,0
env.v2a_105.animal_presence_cues,Animal presence cues,env,sensor,computed;image_2d;image_3d;sensor,0
env.v2a_106.sociopetal_seating,Sociopetal seating,env,sensor,computed;image_2d;image_3d;sensor,0
env.v2a_107.density_crowding_proxies_chairs_per_area_people_present_queueing_lines,"Density/crowding proxies: chairs per area, people present, queueing lines",env,sensor,computed;image_2d;image_3d;sensor,0
env.v2a_108.surveillance_cues_cameras_exposed_workstations_panoramic_visibility,"Surveillance cues: cameras, exposed workstations, panoramic visibility",env,sensor,computed;image_2d;image_3d;sensor,0
env.v2a_109.privacy_cues_partitions_doors_curtains,"Privacy cues: partitions, doors, curtains",env,sensor,computed;image_2d;image_3d;sensor,0
env.v2a_110.territoriality_markers_name_plates,Territoriality markers: name plates,env,sensor,computed;image_2d;image_3d;sensor,0
env.v2a_111.norm_cues_formal_vs_informal,Norm cues: formal vs informal,env,sensor,computed;image_2d;image_3d;sensor,0
env.v2a_112.shared_resource_competition_cues,Shared-resource competition cues,env,sensor,computed;image_2d;image_3d;metadata;sensor,0
env.v2a_113.social_mixing_affordances,Social mixing affordances,env,sensor,computed;image_2d;image_3d;sensor,0
env.v2a_114.conflict_overhearing_risk_cues,Conflict/overhearing risk cues,env,sensor,computed;image_2d;image_3d;sensor,0
env.v2a_115.waiting_time_cues,Waiting-time cues,env,sensor,computed;image_2d;image_3d;sensor,0
env.v2a_116.user_controls_visible_and_accessible_dimmers_blinds_thermostats,"User controls visible and accessible: dimmers, blinds, thermostats",env,sensor,computed;image_2d;image_3d;metadata;sensor,0
env.v2a_117.furniture_adjustability_movable_chairs_tables,Furniture adjustability: movable chairs/tables,env,sensor,computed;image_2d;image_3d;sensor,0
env.v2a_118.choice_richness_multiple_zones,Choice richness: multiple zones,env,sensor,computed;image_2d;image_3d;sensor,0
env.v2a_119.personalization_affordances_pinboards,Personalization affordances: pinboards,env,sensor,computed;image_2d;image_3d;sensor,0
env.v2a_120.policy_cues_restricting_control,Policy cues restricting control,env,sensor,computed;image_2d;image_3d;metadata;sensor,0
env.v2a_121.control_over_privacy_doors,Control over privacy: doors,env,sensor,computed;image_2d;image_3d;sensor,0
env.v2a_122.control_over_sound_headsets,Control over sound: headsets,env,sensor,computed;image_2d;image_3d;sensor,0
env.v2a_123.control_over_thermal_fans,Control over thermal: fans,env,sensor,computed;image_2d;image_3d;sensor,0
env.v2a_124.control_over_lighting_task_lamps,Control over lighting: task lamps,env,sensor,computed;image_2d;image_3d;sensor,0
env.v2a_125.information_control_clear_wayfinding_reduces_uncertainty,Information control: clear wayfinding reduces uncertainty.,env,computed,computed;image_2d;image_3d,0
fluency.symmetry,Symmetry,fluency,sensor,computed;image_2d;image_3d;sensor,0
isovist.area_25d,Area 25D,isovist,sensor,computed;image_2d;image_3d;sensor,0
isovist.compactness_25d,Compactness 25D,isovist,sensor,computed;image_2d;image_3d;sensor,0
isovist.confidence,Confidence,isovist,sensor,computed;image_2d;image_3d;sensor,0
material.glass_coverage,Glass Coverage,material,image_3d,image_2d;image_3d,0
material.metal_coverage,Metal Coverage,material,image_3d,image_2d;image_3d,0
material.wood_coverage,Wood Coverage,material,image_3d,image_2d;image_3d,0
materials.cues.brightness_mean,Brightness Mean,materials,image_3d,image_2d;image_3d,0
materials.cues.saturation_mean,Saturation Mean,materials,image_3d,image_2d;image_3d,0
materials.cues.specularity_proxy,Specularity Proxy,materials,image_3d,image_2d;image_3d,0
materials.cues.texture_variance,Texture Variance,materials,image_3d,image_2d;image_3d,0
materials.cues.value_mean,Value Mean,materials,computed,computed;image_2d;image_3d,0
materials.substrate.plaster_gypsum,Plaster Gypsum,materials,image_3d,image_2d;image_3d,0
materials.substrate.stone_concrete,Stone Concrete,materials,image_3d,image_2d;image_3d,0
materials.substrate.tile_ceramic,Tile Ceramic,materials,image_3d,image_2d;image_3d,0
provenance.architect_kengo_kuma,Architect Kengo Kuma,provenance,metadata,image_2d;image_3d;metadata,0
provenance.architect_le_corbusier,Architect Le Corbusier,provenance,metadata,image_2d;image_3d;metadata,0
provenance.iconic_chair_barcelona,Iconic Chair Barcelona,provenance,metadata,image_2d;image_3d;metadata,0
provenance.iconic_chair_eames,Iconic Chair Eames,provenance,metadata,image_2d;image_3d;metadata,0
psych.coziness,Coziness,psych,metadata,image_2d;image_3d;metadata,0
science.organized_complexity,Organized Complexity,science,sensor,computed;image_2d;image_3d;sensor,0
science.organized_complexity_bin,Organized Complexity Bin,science,sensor,computed;image_2d;image_3d;sensor,0
science.visual_richness,Visual Richness,science,sensor,computed;image_2d;image_3d;sensor,0
science.visual_richness_bin,Visual Richness Bin,science,sensor,computed;image_2d;image_3d;sensor,0
smell.concentration_dfa_exponent,Concentration Dfa Exponent,smell,sensor,computed;image_2d;image_3d;sensor,0
smell.intensity_rating,Intensity Rating,smell,sensor,computed;image_2d;image_3d;metadata;sensor,0
smell.pleasantness_rating,Pleasantness Rating,smell,sensor,computed;image_2d;image_3d;metadata;sensor,0
social.occupancy,Occupancy,social,image_3d,image_2d;image_3d,0
social.privacy,Privacy,social,image_3d,image_2d;image_3d,0
social.sociopetal,Sociopetal,social,image_3d,image_2d;image_3d,0
sound.amplitude_fractal_dimension,Amplitude Fractal Dimension,sound,sensor,computed;image_2d;image_3d;sensor,0
sound.noise_color_beta,Noise Color Beta,sound,sensor,computed;image_2d;image_3d;sensor,0
sound.one_over_f_slope,One Over F Slope,sound,sensor,computed;image_2d;image_3d;sensor,0
sound.reverberation_rt60,Reverberation Rt60,sound,sensor,computed;image_2d;image_3d;sensor,0
spatial.central_openness,Central Openness,spatial,image_3d,image_2d;image_3d,0
spatial.depth_contrast,Depth Contrast,spatial,image_3d,image_2d;image_3d,0
spatial.depth_mean,Depth Mean,spatial,image_3d,image_2d;image_3d,0
spatial.isovist_openness,Isovist Openness,spatial,image_3d,image_2d;image_3d,0
spatial.refuge_quality,Refuge Quality,spatial,image_3d,image_2d;image_3d,0
spatial.room_function.bathroom,Bathroom,spatial,image_3d,image_2d;image_3d,0
spatial.room_function.bedroom,Bedroom,spatial,image_3d,image_2d;image_3d,0
spatial.room_function.home_office,Home Office,spatial,image_3d,image_2d;image_3d,0
spatial.room_function.kitchen,Kitchen,spatial,image_3d,image_2d;image_3d,0
spatial.room_function.living_room,Living Room,spatial,image_3d,image_2d;image_3d,0
spatial.visual_clutter,Visual Clutter,spatial,image_3d,image_2d;image_3d,0
style.bohemian,Bohemian,style,image_3d,image_2d;image_3d,0
style.farmhouse,Farmhouse,style,image_3d,image_2d;image_3d,0
style.industrial,Industrial,style,image_3d,image_2d;image_3d,0
style.japandi,Japandi,style,image_3d,image_2d;image_3d,0
style.mid_century_modern,Mid Century Modern,style,image_3d,image_2d;image_3d,0
style.minimalist,Minimalist,style,image_3d,image_2d;image_3d,0
style.modern,Modern,style,image_3d,image_2d;image_3d,0
style.modernity,Modernity,style,image_3d,image_2d;image_3d,0
style.rustic,Rustic,style,image_3d,image_2d;image_3d,0
style.scandinavian,Scandinavian,style,image_3d,image_2d;image_3d,0
style.traditional,Traditional,style,image_3d,image_2d;image_3d,0
tag.evidence_pointer,Evidence Pointer,tag,metadata,image_2d;image_3d;metadata,0
tag.request_source,Request Source,tag,metadata,image_2d;image_3d;metadata,0
texture.macro.contrast,Contrast,texture,image_3d,image_2d;image_3d,0
texture.macro.homogeneity,Homogeneity,texture,image_3d,image_2d;image_3d,0
texture.micro.contrast,Contrast,texture,image_3d,image_2d;image_3d,0
texture.micro.homogeneity,Homogeneity,texture,image_3d,image_2d;image_3d,0
touch.haptic_fractal_dimension,Haptic Fractal Dimension,touch,sensor,computed;image_2d;image_3d;sensor,0
touch.hardness_rating,Hardness Rating,touch,sensor,computed;image_2d;image_3d;metadata;sensor,0
touch.surface_roughness_spectrum_slope,Surface Roughness Spectrum Slope,touch,sensor,computed;image_2d;image_3d;sensor,0
