rank,tag_id,phase,evidence_type,allowed_inputs,model_families,relation_count
1,env.ae.hard_reflective_surfaces,phase_0_image_2d,image_2d,image_2d,scene_classification,2
2,env.ae.hard_seating,phase_0_image_2d,image_2d,image_2d,scene_classification,2
3,env.ae.high_texture_complexity,phase_0_image_2d,image_2d,image_2d,ocr_text,2
4,env.ae.home-like_decor,phase_0_image_2d,image_2d,image_2d,scene_classification,2
5,env.ae.indoor-outdoor_continuity,phase_0_image_2d,image_2d,image_2d,scene_classification,2
6,env.ae.institutional_decor,phase_0_image_2d,image_2d,image_2d,scene_classification,2
7,env.ae.low_texture_complexity,phase_0_image_2d,image_2d,image_2d,ocr_text,2
8,env.ae.metal_prominent,phase_0_image_2d,image_2d,image_2d,scene_classification,2
9,env.ae.monochrome/minimal_palette,phase_0_image_2d,image_2d,image_2d,scene_classification,2
10,env.ae.natural/earthy_palette,phase_0_image_2d,image_2d,image_2d,scene_classification,2
11,env.ae.nature_imagery,phase_0_image_2d,image_2d,image_2d,scene_classification,2
12,env.ae.open_plan,phase_0_image_2d,image_2d,image_2d,scene_classification,2
13,env.ae.open_windows,phase_0_image_2d,image_2d,image_2d,scene_classification,2
14,env.ae.soft_seating,phase_0_image_2d,image_2d,image_2d,scene_classification,2
15,env.ae.sparse_occupancy,phase_0_image_2d,image_2d,image_2d,scene_classification,2
16,env.ae.stone/marble_prominent,phase_0_image_2d,image_2d,image_2d,scene_classification,2
17,env.ae.strong_verticality,phase_0_image_2d,image_2d,image_2d,scene_classification,2
18,env.ae.surveillance_/_cameras_visible,phase_0_image_2d,image_2d,image_2d,scene_classification,2
19,env.ae.textiles/soft_furnishings,phase_0_image_2d,image_2d,image_2d,ocr_text,2
20,env.ae.visible_dirt/decay,phase_0_image_2d,image_2d,image_2d,scene_classification,2
21,env.ae.visible_windows,phase_0_image_2d,image_2d,image_2d,scene_classification,2
22,env.ae.warm_color_palette,phase_0_image_2d,image_2d,image_2d,scene_classification,2
23,env.ae.well_maintained,phase_0_image_2d,image_2d,image_2d,scene_classification,2
24,env.ae.wood_prominent,phase_0_image_2d,image_2d,image_2d,scene_classification,2
25,env.ae.work_surfaces_present,phase_0_image_2d,image_2d,image_2d,scene_classification,2
26,env.ae.worn/degraded,phase_0_image_2d,image_2d,image_2d,scene_classification,2
27,env.ae.artworks_prominent,phase_1_image_3d,image_3d,image_2d;image_3d,depth_estimation;layout_estimation;multi_view_geometry,2
28,env.ae.barriers/guards_present,phase_1_image_3d,image_3d,image_2d;image_3d,depth_estimation;layout_estimation;multi_view_geometry,2
29,env.ae.clear_circulation_paths,phase_1_image_3d,image_3d,image_2d;image_3d,depth_estimation;layout_estimation;multi_view_geometry,2
30,env.ae.clear_sightlines,phase_1_image_3d,image_3d,image_2d;image_3d,depth_estimation;layout_estimation;multi_view_geometry,2
31,env.ae.compartmentalized_plan,phase_1_image_3d,image_3d,image_2d;image_3d,depth_estimation;layout_estimation;multi_view_geometry,2
32,env.ae.complex_geometry,phase_1_image_3d,image_3d,image_2d;image_3d,depth_estimation;layout_estimation;multi_view_geometry,2
33,env.ae.concrete_prominent,phase_1_image_3d,image_3d,image_2d;image_3d,depth_estimation;layout_estimation;multi_view_geometry,2
34,env.ae.cool_color_palette,phase_1_image_3d,image_3d,image_2d;image_3d,depth_estimation;layout_estimation;multi_view_geometry,2
35,env.ae.curvilinear_forms,phase_1_image_3d,image_3d,image_2d;image_3d,depth_estimation;layout_estimation;multi_view_geometry,2
36,env.ae.daylighting,phase_1_image_3d,image_3d,image_2d;image_3d,depth_estimation;layout_estimation;multi_view_geometry,2
37,env.ae.fans_visible,phase_1_image_3d,image_3d,image_2d;image_3d,depth_estimation;layout_estimation;multi_view_geometry,2
38,env.ae.glass_prominent,phase_1_image_3d,image_3d,image_2d;image_3d,depth_estimation;layout_estimation;multi_view_geometry,2
39,env.ae.high_color_entropy,phase_1_image_3d,image_3d,image_3d,depth_estimation;layout_estimation;multi_view_geometry,2
40,env.ae.high_edge_density,phase_1_image_3d,image_3d,image_3d,depth_estimation;layout_estimation;multi_view_geometry,2
41,env.ae.high_seating_density,phase_1_image_3d,image_3d,image_3d,depth_estimation;layout_estimation;multi_view_geometry,2
42,env.ae.indoor_plants,phase_1_image_3d,image_3d,image_2d;image_3d,depth_estimation;layout_estimation;multi_view_geometry,2
43,env.ae.large_enclosure_volume,phase_1_image_3d,image_3d,image_3d,depth_estimation;layout_estimation;multi_view_geometry,2
44,env.ae.large_window_area,phase_1_image_3d,image_3d,image_3d,depth_estimation;layout_estimation;multi_view_geometry,2
45,env.ae.low_edge_density,phase_1_image_3d,image_3d,image_3d,depth_estimation;layout_estimation;multi_view_geometry,2
46,env.ae.low_spatial_frequency_content,phase_1_image_3d,image_3d,image_3d,depth_estimation;layout_estimation;multi_view_geometry,2
47,env.ae.naturalistic_forms,phase_1_image_3d,image_3d,image_3d,depth_estimation;layout_estimation;multi_view_geometry,2
48,env.ae.rectilinear_forms,phase_1_image_3d,image_3d,image_3d,depth_estimation;layout_estimation;multi_view_geometry,2
49,env.ae.repeating_pattern,phase_1_image_3d,image_3d,image_3d,depth_estimation;layout_estimation;multi_view_geometry,2
50,env.ae.strong_horizontality,phase_1_image_3d,image_3d,image_3d,depth_estimation;layout_estimation;multi_view_geometry,2
51,env.ae.view_to_outdoors,phase_1_image_3d,image_3d,image_2d;image_3d,depth_estimation;layout_estimation;multi_view_geometry,2
52,affordance.isovist_area,phase_1_image_3d,image_3d,image_2d;image_3d,depth_estimation;layout_estimation;multi_view_geometry,0
53,affordance.seating_count,phase_1_image_3d,image_3d,image_2d;image_3d,depth_estimation;layout_estimation;multi_view_geometry,0
54,arch.pattern.axial_circulation_clear,phase_1_image_3d,image_3d,image_2d;image_3d,depth_estimation;layout_estimation;multi_view_geometry,0
55,arch.pattern.bay_window,phase_1_image_3d,image_3d,image_2d;image_3d,depth_estimation;layout_estimation;multi_view_geometry,0
56,arch.pattern.central_hearth,phase_1_image_3d,image_3d,image_2d;image_3d,depth_estimation;layout_estimation;multi_view_geometry,0
57,arch.pattern.circulation_maze_like,phase_1_image_3d,image_3d,image_2d;image_3d,depth_estimation;layout_estimation;multi_view_geometry,0
58,arch.pattern.colonnade,phase_1_image_3d,image_3d,image_2d;image_3d,depth_estimation;layout_estimation;multi_view_geometry,0
59,arch.pattern.corner_window,phase_1_image_3d,image_3d,image_2d;image_3d,depth_estimation;layout_estimation;multi_view_geometry,0
60,arch.pattern.daylight_hard,phase_1_image_3d,image_3d,image_2d;image_3d,depth_estimation;layout_estimation;multi_view_geometry,0
61,arch.pattern.daylight_soft,phase_1_image_3d,image_3d,image_2d;image_3d,depth_estimation;layout_estimation;multi_view_geometry,0
62,arch.pattern.double_height_space,phase_1_image_3d,image_3d,image_2d;image_3d,depth_estimation;layout_estimation;multi_view_geometry,0
63,arch.pattern.gallery_edge,phase_1_image_3d,image_3d,image_2d;image_3d,depth_estimation;layout_estimation;multi_view_geometry,0
64,arch.pattern.loft_mezzanine,phase_1_image_3d,image_3d,image_2d;image_3d,depth_estimation;layout_estimation;multi_view_geometry,0
65,arch.pattern.long_view_corridor,phase_1_image_3d,image_3d,image_2d;image_3d,depth_estimation;layout_estimation;multi_view_geometry,0
66,arch.pattern.perimeter_seating,phase_1_image_3d,image_3d,image_2d;image_3d,depth_estimation;layout_estimation;multi_view_geometry,0
67,arch.pattern.prospect_strong,phase_1_image_3d,image_3d,image_2d;image_3d,depth_estimation;layout_estimation;multi_view_geometry,0
68,arch.pattern.refuge_nook,phase_1_image_3d,image_3d,image_2d;image_3d,depth_estimation;layout_estimation;multi_view_geometry,0
69,arch.pattern.refuge_strong,phase_1_image_3d,image_3d,image_2d;image_3d,depth_estimation;layout_estimation;multi_view_geometry,0
70,arch.pattern.skylight_dominant,phase_1_image_3d,image_3d,image_2d;image_3d,depth_estimation;layout_estimation;multi_view_geometry,0
71,arch.pattern.staircase_sculptural,phase_1_image_3d,image_3d,image_2d;image_3d,depth_estimation;layout_estimation;multi_view_geometry,0
72,arch.pattern.threshold_emphasized,phase_1_image_3d,image_3d,image_2d;image_3d,depth_estimation;layout_estimation;multi_view_geometry,0
73,arch.pattern.window_seat_niche,phase_1_image_3d,image_3d,image_2d;image_3d,depth_estimation;layout_estimation;multi_view_geometry,0
74,biophilia.plant_count,phase_1_image_3d,image_3d,image_2d;image_3d,depth_estimation;layout_estimation;multi_view_geometry,0
75,color.lightness_contrast,phase_1_image_3d,image_3d,image_2d;image_3d,depth_estimation;layout_estimation;multi_view_geometry,0
76,color.luminance,phase_1_image_3d,image_3d,image_2d;image_3d,depth_estimation;layout_estimation;multi_view_geometry,0
77,color.perceptual_lightness,phase_1_image_3d,image_3d,image_2d;image_3d,depth_estimation;layout_estimation;multi_view_geometry,0
78,color.saturation,phase_1_image_3d,image_3d,image_2d;image_3d,depth_estimation;layout_estimation;multi_view_geometry,0
79,color.warmth,phase_1_image_3d,image_3d,image_2d;image_3d,depth_estimation;layout_estimation;multi_view_geometry,0
80,color.warmth_ratio,phase_1_image_3d,image_3d,image_2d;image_3d,depth_estimation;layout_estimation;multi_view_geometry,0
81,component.bathroom.fixture.material.brass,phase_1_image_3d,image_3d,image_2d;image_3d,depth_estimation;layout_estimation;multi_view_geometry,0
82,component.bathroom.fixture.material.matte_black,phase_1_image_3d,image_3d,image_2d;image_3d,depth_estimation;layout_estimation;multi_view_geometry,0
83,component.bathroom.fixture.type.rain_showerhead,phase_1_image_3d,image_3d,image_2d;image_3d,depth_estimation;layout_estimation;multi_view_geometry,0
84,component.ceiling.coffered,phase_1_image_3d,image_3d,image_2d;image_3d,depth_estimation;layout_estimation;multi_view_geometry,0
85,component.ceiling.cove_lighting,phase_1_image_3d,image_3d,image_2d;image_3d,depth_estimation;layout_estimation;multi_view_geometry,0
86,component.ceiling.exposed_beam,phase_1_image_3d,image_3d,image_2d;image_3d,depth_estimation;layout_estimation;multi_view_geometry,0
87,component.ceiling.tray,phase_1_image_3d,image_3d,image_2d;image_3d,depth_estimation;layout_estimation;multi_view_geometry,0
88,component.ceiling.vaulted,phase_1_image_3d,image_3d,image_2d;image_3d,depth_estimation;layout_estimation;multi_view_geometry,0
89,component.kitchen.hardware.material.brass,phase_1_image_3d,image_3d,image_2d;image_3d,depth_estimation;layout_estimation;multi_view_geometry,0
90,component.kitchen.hardware.material.chrome,phase_1_image_3d,image_3d,image_2d;image_3d,depth_estimation;layout_estimation;multi_view_geometry,0
91,component.kitchen.hardware.material.matte_black,phase_1_image_3d,image_3d,image_2d;image_3d,depth_estimation;layout_estimation;multi_view_geometry,0
92,component.kitchen.hardware.type.bar_pull,phase_1_image_3d,image_3d,image_2d;image_3d,depth_estimation;layout_estimation;multi_view_geometry,0
93,component.kitchen.hardware.type.handleless,phase_1_image_3d,image_3d,image_2d;image_3d,depth_estimation;layout_estimation;multi_view_geometry,0
94,component.kitchen.hardware.type.knob,phase_1_image_3d,image_3d,image_2d;image_3d,depth_estimation;layout_estimation;multi_view_geometry,0
95,component.wall.material.brick_exposed,phase_1_image_3d,image_3d,image_2d;image_3d,depth_estimation;layout_estimation;multi_view_geometry,0
96,component.wall.material.stone_wall,phase_1_image_3d,image_3d,image_2d;image_3d,depth_estimation;layout_estimation;multi_view_geometry,0
97,component.wall.material.wood_slat,phase_1_image_3d,image_3d,image_2d;image_3d,depth_estimation;layout_estimation;multi_view_geometry,0
98,component.wall.treatment.wainscoting,phase_1_image_3d,image_3d,image_2d;image_3d,depth_estimation;layout_estimation;multi_view_geometry,0
99,component.wall.treatment.wallpaper_patterned,phase_1_image_3d,image_3d,image_2d;image_3d,depth_estimation;layout_estimation;multi_view_geometry,0
100,material.glass_coverage,phase_1_image_3d,image_3d,image_2d;image_3d,depth_estimation;layout_estimation;multi_view_geometry,0
101,material.metal_coverage,phase_1_image_3d,image_3d,image_2d;image_3d,depth_estimation;layout_estimation;multi_view_geometry,0
102,material.wood_coverage,phase_1_image_3d,image_3d,image_2d;image_3d,depth_estimation;layout_estimation;multi_view_geometry,0
103,materials.cues.brightness_mean,phase_1_image_3d,image_3d,image_2d;image_3d,depth_estimation;layout_estimation;multi_view_geometry,0
104,materials.cues.saturation_mean,phase_1_image_3d,image_3d,image_2d;image_3d,depth_estimation;layout_estimation;multi_view_geometry,0
105,materials.cues.specularity_proxy,phase_1_image_3d,image_3d,image_2d;image_3d,depth_estimation;layout_estimation;multi_view_geometry,0
106,materials.cues.texture_variance,phase_1_image_3d,image_3d,image_2d;image_3d,depth_estimation;layout_estimation;multi_view_geometry,0
107,materials.substrate.plaster_gypsum,phase_1_image_3d,image_3d,image_2d;image_3d,depth_estimation;layout_estimation;multi_view_geometry,0
108,materials.substrate.stone_concrete,phase_1_image_3d,image_3d,image_2d;image_3d,depth_estimation;layout_estimation;multi_view_geometry,0
109,materials.substrate.tile_ceramic,phase_1_image_3d,image_3d,image_2d;image_3d,depth_estimation;layout_estimation;multi_view_geometry,0
110,social.occupancy,phase_1_image_3d,image_3d,image_2d;image_3d,depth_estimation;layout_estimation;multi_view_geometry,0
111,social.privacy,phase_1_image_3d,image_3d,image_2d;image_3d,depth_estimation;layout_estimation;multi_view_geometry,0
112,social.sociopetal,phase_1_image_3d,image_3d,image_2d;image_3d,depth_estimation;layout_estimation;multi_view_geometry,0
113,spatial.central_openness,phase_1_image_3d,image_3d,image_2d;image_3d,depth_estimation;layout_estimation;multi_view_geometry,0
114,spatial.depth_contrast,phase_1_image_3d,image_3d,image_2d;image_3d,depth_estimation;layout_estimation;multi_view_geometry,0
115,spatial.depth_mean,phase_1_image_3d,image_3d,image_2d;image_3d,depth_estimation;layout_estimation;multi_view_geometry,0
116,spatial.isovist_openness,phase_1_image_3d,image_3d,image_2d;image_3d,depth_estimation;layout_estimation;multi_view_geometry,0
117,spatial.refuge_quality,phase_1_image_3d,image_3d,image_2d;image_3d,depth_estimation;layout_estimation;multi_view_geometry,0
118,spatial.room_function.bathroom,phase_1_image_3d,image_3d,image_2d;image_3d,depth_estimation;layout_estimation;multi_view_geometry,0
119,spatial.room_function.bedroom,phase_1_image_3d,image_3d,image_2d;image_3d,depth_estimation;layout_estimation;multi_view_geometry,0
120,spatial.room_function.home_office,phase_1_image_3d,image_3d,image_2d;image_3d,depth_estimation;layout_estimation;multi_view_geometry,0
121,spatial.room_function.kitchen,phase_1_image_3d,image_3d,image_2d;image_3d,depth_estimation;layout_estimation;multi_view_geometry,0
122,spatial.room_function.living_room,phase_1_image_3d,image_3d,image_2d;image_3d,depth_estimation;layout_estimation;multi_view_geometry,0
123,spatial.visual_clutter,phase_1_image_3d,image_3d,image_2d;image_3d,depth_estimation;layout_estimation;multi_view_geometry,0
124,style.bohemian,phase_1_image_3d,image_3d,image_2d;image_3d,depth_estimation;layout_estimation;multi_view_geometry,0
125,style.farmhouse,phase_1_image_3d,image_3d,image_2d;image_3d,depth_estimation;layout_estimation;multi_view_geometry,0
126,style.industrial,phase_1_image_3d,image_3d,image_2d;image_3d,depth_estimation;layout_estimation;multi_view_geometry,0
127,style.japandi,phase_1_image_3d,image_3d,image_2d;image_3d,depth_estimation;layout_estimation;multi_view_geometry,0
128,style.mid_century_modern,phase_1_image_3d,image_3d,image_2d;image_3d,depth_estimation;layout_estimation;multi_view_geometry,0
129,style.minimalist,phase_1_image_3d,image_3d,image_2d;image_3d,depth_estimation;layout_estimation;multi_view_geometry,0
130,style.modern,phase_1_image_3d,image_3d,image_2d;image_3d,depth_estimation;layout_estimation;multi_view_geometry,0
131,style.modernity,phase_1_image_3d,image_3d,image_2d;image_3d,depth_estimation;layout_estimation;multi_view_geometry,0
132,style.rustic,phase_1_image_3d,image_3d,image_2d;image_3d,depth_estimation;layout_estimation;multi_view_geometry,0
133,style.scandinavian,phase_1_image_3d,image_3d,image_2d;image_3d,depth_estimation;layout_estimation;multi_view_geometry,0
134,style.traditional,phase_1_image_3d,image_3d,image_2d;image_3d,depth_estimation;layout_estimation;multi_view_geometry,0
135,texture.macro.contrast,phase_1_image_3d,image_3d,image_2d;image_3d,depth_estimation;layout_estimation;multi_view_geometry,0
136,texture.macro.homogeneity,phase_1_image_3d,image_3d,image_2d;image_3d,depth_estimation;layout_estimation;multi_view_geometry,0
137,texture.micro.contrast,phase_1_image_3d,image_3d,image_2d;image_3d,depth_estimation;layout_estimation;multi_view_geometry,0
138,texture.micro.homogeneity,phase_1_image_3d,image_3d,image_2d;image_3d,depth_estimation;layout_estimation;multi_view_geometry,0
139,env.v2a_070.prospect_refuge_ability_to_see_without_being_seen,phase_2_computed,computed,computed;image_2d;image_3d,metric_computation,4
140,env.ae.commercial_branding,phase_2_computed,computed,computed;image_2d;image_3d,metric_computation,2
141,env.ae.crowded_space,phase_2_computed,computed,computed;image_2d;image_3d,metric_computation,2
142,env.ae.fractal-like_pattern,phase_2_computed,computed,computed;image_2d;image_3d,metric_computation,2
143,env.ae.glare_present,phase_2_computed,computed,computed;image_2d;image_3d;metadata,metric_computation,2
144,env.ae.high_cleanliness,phase_2_computed,computed,computed,metric_computation,2
145,env.ae.high_color_contrast,phase_2_computed,computed,computed,metric_computation,2
146,env.ae.high_contrast_lighting,phase_2_computed,computed,computed;metadata,metric_computation;photometric_metrics,2
147,env.ae.high_fractal_dimension_(2d),phase_2_computed,computed,computed;image_3d,metric_computation,2
148,env.ae.high_illuminance,phase_2_computed,computed,computed;image_3d,metric_computation;photometric_metrics,2
149,env.ae.high_orderliness,phase_2_computed,computed,computed,metric_computation,2
150,env.ae.high_saturation,phase_2_computed,computed,computed,metric_computation,2
151,env.ae.high_spatial_frequency_content,phase_2_computed,computed,computed;image_3d,metric_computation;spatial_metrics,2
152,env.ae.high_symmetry,phase_2_computed,computed,computed;image_2d;image_3d,metric_computation,2
153,env.ae.low_illuminance,phase_2_computed,computed,computed;image_3d,metric_computation;photometric_metrics,2
154,env.ae.low_orderliness,phase_2_computed,computed,computed;image_3d,metric_computation,2
155,env.ae.low_saturation,phase_2_computed,computed,computed,metric_computation,2
156,env.ae.low_symmetry,phase_2_computed,computed,computed;image_3d,metric_computation,2
157,env.ae.narrow_corridor,phase_2_computed,computed,computed;image_3d;metadata,metric_computation,2
158,env.ae.occluded_sightlines,phase_2_computed,computed,computed;image_3d,metric_computation,2
159,env.ae.poor_visibility_/_dark_corners,phase_2_computed,computed,computed,metric_computation,2
160,env.ae.private/enclosed_niche,phase_2_computed,computed,computed,metric_computation,2
161,env.ae.public/exposed_area,phase_2_computed,computed,computed,metric_computation,2
162,env.ae.strong_central_landmark,phase_2_computed,computed,computed;image_3d,metric_computation,2
163,env.ae.uniform_lighting,phase_2_computed,computed,computed,metric_computation;photometric_metrics,2
164,env.v1_124.water_features,phase_2_computed,computed,computed,metric_computation,2
165,env.v2a_098.natural_materials_wood_stone,phase_2_computed,computed,computed,metric_computation,2
166,env.v1_023.point_vs_diffuse_illumination,phase_2_computed,computed,computed;image_2d;image_3d,metric_computation;photometric_metrics,0
167,env.v1_109.angular_vs_curvilinear,phase_2_computed,computed,computed;image_2d;image_3d,metric_computation,0
168,env.v1_128.nature_vs_urban_view,phase_2_computed,computed,computed;image_2d;image_3d,metric_computation,0
169,env.v2a_002.warm_vs_cool_white_appearance_cct_and_perceived_coziness_activation_cajochen_et,phase_2_computed,computed,computed;image_2d;image_3d,metric_computation;photometric_metrics,0
170,env.v2a_076.perceived_territoriality_defined_zones_vs_ambiguous_shared_space,phase_2_computed,computed,computed;image_2d;image_3d,metric_computation,0
171,env.v2a_078.visual_access_to_outdoors_nature_as_escape_affordance,phase_2_computed,computed,computed;image_2d;image_3d,metric_computation,0
172,env.v2a_125.information_control_clear_wayfinding_reduces_uncertainty,phase_2_computed,computed,computed;image_2d;image_3d,metric_computation,0
173,materials.cues.value_mean,phase_2_computed,computed,computed;image_2d;image_3d,metric_computation,0
174,env.ae.high_ceiling,phase_3_metadata,metadata,image_3d;metadata,annotation_review;survey_data;user_reports,2
175,env.ae.high_ceiling_+_hard_surfaces,phase_3_metadata,metadata,image_3d;metadata,annotation_review;survey_data;user_reports,2
176,env.ae.low_ceiling,phase_3_metadata,metadata,image_3d;metadata,annotation_review;survey_data;user_reports,2
177,affect.cozy,phase_3_metadata,metadata,image_3d;metadata,annotation_review;survey_data;user_reports,0
178,affect.jarring,phase_3_metadata,metadata,image_3d;metadata,annotation_review;survey_data;user_reports,0
179,affect.scary,phase_3_metadata,metadata,image_3d;metadata,annotation_review;survey_data;user_reports,0
180,affect.tranquil,phase_3_metadata,metadata,image_3d;metadata,annotation_review;survey_data;user_reports,0
181,affect.welcoming,phase_3_metadata,metadata,image_3d;metadata,annotation_review;survey_data;user_reports,0
182,cognitive.coherence,phase_3_metadata,metadata,image_2d;image_3d;metadata,annotation_review;survey_data;user_reports,0
183,cognitive.complexity,phase_3_metadata,metadata,image_2d;image_3d;metadata,annotation_review;survey_data;user_reports,0
184,cognitive.error,phase_3_metadata,metadata,image_2d;image_3d;metadata,annotation_review;survey_data;user_reports,0
185,cognitive.legibility,phase_3_metadata,metadata,image_2d;image_3d;metadata,annotation_review;survey_data;user_reports,0
186,cognitive.mystery,phase_3_metadata,metadata,image_2d;image_3d;metadata,annotation_review;survey_data;user_reports,0
187,cognitive.restoration,phase_3_metadata,metadata,image_2d;image_3d;metadata,annotation_review;survey_data;user_reports,0
188,provenance.architect_kengo_kuma,phase_3_metadata,metadata,image_2d;image_3d;metadata,annotation_review;survey_data;user_reports,0
189,provenance.architect_le_corbusier,phase_3_metadata,metadata,image_2d;image_3d;metadata,annotation_review;survey_data;user_reports,0
190,provenance.iconic_chair_barcelona,phase_3_metadata,metadata,image_2d;image_3d;metadata,annotation_review;survey_data;user_reports,0
191,provenance.iconic_chair_eames,phase_3_metadata,metadata,image_2d;image_3d;metadata,annotation_review;survey_data;user_reports,0
192,psych.coziness,phase_3_metadata,metadata,image_2d;image_3d;metadata,annotation_review;survey_data;user_reports,0
193,tag.evidence_pointer,phase_3_metadata,metadata,image_2d;image_3d;metadata,annotation_review;survey_data;user_reports,0
194,tag.request_source,phase_3_metadata,metadata,image_2d;image_3d;metadata,annotation_review;survey_data;user_reports,0
195,env.ae.clear_exits/wayfinding_signage,phase_4_sensor,sensor,image_2d;image_3d;sensor,sensor_generic,2
196,env.ae.cool_lighting_(high_cct),phase_4_sensor,sensor,image_2d;image_3d;metadata;sensor,sensor_generic,2
197,env.ae.dynamic_lighting,phase_4_sensor,sensor,image_2d;image_3d;metadata;sensor,sensor_generic,2
198,env.ae.hazard_indicators,phase_4_sensor,sensor,sensor,sensor_generic,2
199,env.ae.high_clutter,phase_4_sensor,sensor,computed;sensor,sensor_generic,2
200,env.ae.irregular_pattern,phase_4_sensor,sensor,computed;sensor,sensor_generic,2
201,env.ae.maze-like_layout,phase_4_sensor,sensor,computed;image_2d;sensor,sensor_generic,2
202,env.ae.minimal_signage,phase_4_sensor,sensor,sensor,sensor_generic,2
203,env.ae.religious_symbols,phase_4_sensor,sensor,sensor,sensor_generic,2
204,env.ae.seating_available,phase_4_sensor,sensor,sensor,sensor_generic,2
205,env.ae.soft_acoustic_treatments,phase_4_sensor,sensor,sensor,sensor_generic,2
206,env.ae.text/information_density_high,phase_4_sensor,sensor,computed;image_3d;sensor,sensor_generic,2
207,env.ae.visible_hvac_vents,phase_4_sensor,sensor,metadata;sensor,sensor_generic,2
208,env.ae.warm_lighting,phase_4_sensor,sensor,computed;metadata;sensor,sensor_generic,2
209,cnfa.biophilic.natural_material_ratio,phase_4_sensor,sensor,computed;image_2d;image_3d;sensor,sensor_generic,0
210,cnfa.cognitive.activity_zones_count,phase_4_sensor,sensor,computed;image_2d;image_3d;sensor,sensor_generic,0
211,cnfa.cognitive.landmark_salience,phase_4_sensor,sensor,computed;image_2d;image_3d;sensor,sensor_generic,0
212,cnfa.cognitive.legibility_score,phase_4_sensor,sensor,computed;image_2d;image_3d;sensor,sensor_generic,0
213,cnfa.depth.depth_variance,phase_4_sensor,sensor,computed;image_2d;image_3d;sensor,sensor_generic,0
214,cnfa.depth.mean_depth,phase_4_sensor,sensor,computed;image_2d;image_3d;sensor,sensor_generic,0
215,cnfa.dynamic.optic_flow_magnitude,phase_4_sensor,sensor,computed;image_2d;image_3d;sensor,sensor_generic,0
216,cnfa.dynamic.path_glare_max,phase_4_sensor,sensor,computed;image_2d;image_3d;sensor,sensor_generic,0
217,cnfa.dynamic.reflection_flow,phase_4_sensor,sensor,computed;image_2d;image_3d;sensor,sensor_generic,0
218,cnfa.dynamic.revelation_rate,phase_4_sensor,sensor,computed;image_2d;image_3d;sensor,sensor_generic,0
219,cnfa.dynamic.texture_gradient,phase_4_sensor,sensor,computed;image_2d;image_3d;sensor,sensor_generic,0
220,cnfa.fluency.anomaly_count,phase_4_sensor,sensor,computed;image_2d;image_3d;sensor,sensor_generic,0
221,cnfa.fluency.autoencoder_recon_error,phase_4_sensor,sensor,computed;image_2d;image_3d;sensor,sensor_generic,0
222,cnfa.fluency.clutter_density_count,phase_4_sensor,sensor,computed;image_2d;image_3d;sensor,sensor_generic,0
223,cnfa.fluency.color_palette_entropy,phase_4_sensor,sensor,computed;image_2d;image_3d;sensor,sensor_generic,0
224,cnfa.fluency.compression_ratio,phase_4_sensor,sensor,computed;image_2d;image_3d;sensor,sensor_generic,0
225,cnfa.fluency.edge_clarity_mean,phase_4_sensor,sensor,computed;image_2d;image_3d;sensor,sensor_generic,0
226,cnfa.fluency.figure_ground_clarity,phase_4_sensor,sensor,computed;image_2d;image_3d;sensor,sensor_generic,0
227,cnfa.fluency.hierarchy_depth,phase_4_sensor,sensor,computed;image_2d;image_3d;sensor,sensor_generic,0
228,cnfa.fluency.map.edge_density,phase_4_sensor,sensor,computed;image_2d;image_3d;sensor,sensor_generic,0
229,cnfa.fluency.map.fractal_dimension,phase_4_sensor,sensor,computed;image_2d;image_3d;sensor,sensor_generic,0
230,cnfa.fluency.map.spatial_entropy,phase_4_sensor,sensor,computed;image_2d;image_3d;sensor,sensor_generic,0
231,cnfa.fluency.map.symmetry,phase_4_sensor,sensor,computed;image_2d;image_3d;sensor,sensor_generic,0
232,cnfa.fluency.pattern_rhythm_regularity,phase_4_sensor,sensor,computed;image_2d;image_3d;sensor,sensor_generic,0
233,cnfa.fluency.processing_load_proxy,phase_4_sensor,sensor,computed;image_2d;image_3d;sensor,sensor_generic,0
234,cnfa.fluency.surprisal_mean,phase_4_sensor,sensor,computed;image_2d;image_3d;sensor,sensor_generic,0
235,cnfa.fluency.symmetry_score_horizontal,phase_4_sensor,sensor,computed;image_2d;image_3d;sensor,sensor_generic,0
236,cnfa.fluency.visual_entropy_spatial,phase_4_sensor,sensor,computed;image_2d;image_3d;sensor,sensor_generic,0
237,cnfa.fluency.zoning_clarity,phase_4_sensor,sensor,computed;image_2d;image_3d;sensor,sensor_generic,0
238,cnfa.fractal.lacunarity,phase_4_sensor,sensor,computed;image_2d;image_3d;sensor,sensor_generic,0
239,cnfa.fractal.multifractal_width,phase_4_sensor,sensor,computed;image_2d;image_3d;sensor,sensor_generic,0
240,cnfa.fractal.spectral_slope_1overf,phase_4_sensor,sensor,computed;image_2d;image_3d;sensor,sensor_generic,0
241,cnfa.fractal_dimension,phase_4_sensor,sensor,computed;image_2d;image_3d;sensor,sensor_generic,0
242,cnfa.fractal_dimension_edges,phase_4_sensor,sensor,computed;image_2d;image_3d;sensor,sensor_generic,0
243,cnfa.fractal_dimension_luminance,phase_4_sensor,sensor,computed;image_2d;image_3d;sensor,sensor_generic,0
244,cnfa.geometry.curvature_index,phase_4_sensor,sensor,computed;image_2d;image_3d;sensor,sensor_generic,0
245,cnfa.geometry.fractal_curve_intersection,phase_4_sensor,sensor,computed;image_2d;image_3d;sensor,sensor_generic,0
246,cnfa.geometry.rectilinearity_index,phase_4_sensor,sensor,computed;image_2d;image_3d;sensor,sensor_generic,0
247,cnfa.haptic.soft_surface_ratio,phase_4_sensor,sensor,computed;image_2d;image_3d;sensor,sensor_generic,0
248,cnfa.haptic.texture_variation_index,phase_4_sensor,sensor,computed;image_2d;image_3d;sensor,sensor_generic,0
249,cnfa.layout.opening_ratio,phase_4_sensor,sensor,computed;image_2d;image_3d;sensor,sensor_generic,0
250,cnfa.light.brightness_variance,phase_4_sensor,sensor,computed;image_2d;image_3d;sensor,sensor_generic,0
251,cnfa.light.diffuse_vs_direct_ratio,phase_4_sensor,sensor,computed;image_2d;image_3d;sensor,sensor_generic,0
252,cnfa.light.vertical_illuminance_proxy,phase_4_sensor,sensor,computed;image_2d;image_3d;sensor,sensor_generic,0
253,cnfa.light.warm_vs_cool_ratio,phase_4_sensor,sensor,computed;image_2d;image_3d;sensor,sensor_generic,0
254,cnfa.spatial.ceiling_height_avg,phase_4_sensor,sensor,computed;image_2d;image_3d;sensor,sensor_generic,0
255,cnfa.spatial.enclosure_index,phase_4_sensor,sensor,computed;image_2d;image_3d;sensor,sensor_generic,0
256,cnfa.spatial.prospect_to_refuge_ratio,phase_4_sensor,sensor,computed;image_2d;image_3d;sensor,sensor_generic,0
257,color.lab_volume,phase_4_sensor,sensor,image_2d;image_3d;sensor,sensor_generic,0
258,complexity.edge_density,phase_4_sensor,sensor,computed;image_2d;image_3d;sensor,sensor_generic,0
259,complexity.shannon_entropy,phase_4_sensor,sensor,computed;image_2d;image_3d;sensor,sensor_generic,0
260,complexity.spatial_entropy,phase_4_sensor,sensor,computed;image_2d;image_3d;sensor,sensor_generic,0
261,env.v1_001.illuminance_level_task_surface,phase_4_sensor,sensor,computed;image_2d;image_3d;sensor,sensor_generic,0
262,env.v1_002.illuminance_level_ambient,phase_4_sensor,sensor,computed;image_2d;image_3d;sensor,sensor_generic,0
263,env.v1_003.luminance_distribution,phase_4_sensor,sensor,computed;image_2d;image_3d;sensor,sensor_generic,0
264,env.v1_004.contrast_ratio,phase_4_sensor,sensor,computed;image_2d;image_3d;sensor,sensor_generic,0
265,env.v1_005.uniformity_ratio,phase_4_sensor,sensor,computed;image_2d;image_3d;sensor,sensor_generic,0
266,env.v1_006.daylight_factor,phase_4_sensor,sensor,computed;image_2d;image_3d;sensor,sensor_generic,0
267,env.v1_007.daylight_autonomy,phase_4_sensor,sensor,computed;image_2d;image_3d;sensor,sensor_generic,0
268,env.v1_008.correlated_color_temperature_cct,phase_4_sensor,sensor,computed;image_2d;image_3d;sensor,sensor_generic,0
269,env.v1_009.spectral_power_distribution,phase_4_sensor,sensor,computed;image_2d;image_3d;sensor,sensor_generic,0
270,env.v1_010.color_rendering_index_cri,phase_4_sensor,sensor,computed;image_2d;image_3d;sensor,sensor_generic,0
271,env.v1_011.melanopic_lux,phase_4_sensor,sensor,computed;image_2d;image_3d;sensor,sensor_generic,0
272,env.v1_012.dominant_wavelength,phase_4_sensor,sensor,computed;image_2d;image_3d;sensor,sensor_generic,0
273,env.v1_013.flicker_frequency,phase_4_sensor,sensor,computed;image_2d;image_3d;sensor,sensor_generic,0
274,env.v1_014.flicker_modulation_depth,phase_4_sensor,sensor,computed;image_2d;image_3d;sensor,sensor_generic,0
275,env.v1_015.circadian_timing_of_exposure,phase_4_sensor,sensor,computed;image_2d;image_3d;sensor,sensor_generic,0
276,env.v1_016.rate_of_illuminance_change,phase_4_sensor,sensor,computed;image_2d;image_3d;sensor,sensor_generic,0
277,env.v1_017.diurnal_variation_pattern,phase_4_sensor,sensor,computed;image_2d;image_3d;sensor,sensor_generic,0
278,env.v1_018.direct_indirect_ratio,phase_4_sensor,sensor,computed;image_2d;image_3d;sensor,sensor_generic,0
279,env.v1_019.light_directionality,phase_4_sensor,sensor,computed;image_2d;image_3d;sensor,sensor_generic,0
280,env.v1_020.unified_glare_rating_ugr,phase_4_sensor,sensor,computed;image_2d;image_3d;metadata;sensor,sensor_generic,0
281,env.v1_021.shadow_characteristics,phase_4_sensor,sensor,computed;image_2d;image_3d;sensor,sensor_generic,0
282,env.v1_022.natural_artificial_ratio,phase_4_sensor,sensor,computed;image_2d;image_3d;sensor,sensor_generic,0
283,env.v1_024.window_sky_type_visible,phase_4_sensor,sensor,computed;image_2d;image_3d;sensor,sensor_generic,0
284,env.v1_025.solar_penetration_depth,phase_4_sensor,sensor,computed;image_2d;image_3d;sensor,sensor_generic,0
285,env.v1_026.view_to_exterior,phase_4_sensor,sensor,computed;image_2d;image_3d;sensor,sensor_generic,0
286,env.v1_090.ceiling_height,phase_4_sensor,sensor,computed;image_2d;image_3d;sensor,sensor_generic,0
287,env.v1_091.room_volume,phase_4_sensor,sensor,computed;image_2d;image_3d;sensor,sensor_generic,0
288,env.v1_092.floor_area,phase_4_sensor,sensor,computed;image_2d;image_3d;sensor,sensor_generic,0
289,env.v1_093.aspect_ratios,phase_4_sensor,sensor,computed;image_2d;image_3d;sensor,sensor_generic,0
290,env.v1_094.degree_of_enclosure,phase_4_sensor,sensor,computed;image_2d;image_3d;sensor,sensor_generic,0
291,env.v1_095.boundary_definition,phase_4_sensor,sensor,computed;image_2d;image_3d;sensor,sensor_generic,0
292,env.v1_096.visual_permeability,phase_4_sensor,sensor,computed;image_2d;image_3d;sensor,sensor_generic,0
293,env.v1_097.spatial_layering,phase_4_sensor,sensor,computed;image_2d;image_3d;sensor,sensor_generic,0
294,env.v1_098.visual_access_extent,phase_4_sensor,sensor,computed;image_2d;image_3d;sensor,sensor_generic,0
295,env.v1_099.prospect_quality,phase_4_sensor,sensor,computed;image_2d;image_3d;sensor,sensor_generic,0
296,env.v1_100.refuge_degree,phase_4_sensor,sensor,computed;image_2d;image_3d;sensor,sensor_generic,0
297,env.v1_101.prospect_refuge_balance,phase_4_sensor,sensor,computed;image_2d;image_3d;sensor,sensor_generic,0
298,env.v1_102.defensible_space,phase_4_sensor,sensor,computed;image_2d;image_3d;sensor,sensor_generic,0
299,env.v1_103.plan_complexity,phase_4_sensor,sensor,computed;image_2d;image_3d;sensor,sensor_generic,0
300,env.v1_104.spatial_hierarchy,phase_4_sensor,sensor,computed;image_2d;image_3d;sensor,sensor_generic,0
301,env.v1_105.wayfinding_affordances,phase_4_sensor,sensor,computed;image_2d;image_3d;sensor,sensor_generic,0
302,env.v1_106.mystery,phase_4_sensor,sensor,computed;image_2d;image_3d;sensor,sensor_generic,0
303,env.v1_107.coherence,phase_4_sensor,sensor,computed;image_2d;image_3d;sensor,sensor_generic,0
304,env.v1_108.legibility,phase_4_sensor,sensor,computed;image_2d;image_3d;sensor,sensor_generic,0
305,env.v1_110.symmetry,phase_4_sensor,sensor,computed;image_2d;image_3d;sensor,sensor_generic,0
306,env.v1_111.proportion,phase_4_sensor,sensor,computed;image_2d;image_3d;sensor,sensor_generic,0
307,env.v1_112.fractal_dimension,phase_4_sensor,sensor,computed;image_2d;image_3d;sensor,sensor_generic,0
308,env.v1_113.self_similarity_scale_range,phase_4_sensor,sensor,computed;image_2d;image_3d;sensor,sensor_generic,0
309,env.v1_114.visual_entropy,phase_4_sensor,sensor,computed;image_2d;image_3d;sensor,sensor_generic,0
310,env.v1_115.edge_density,phase_4_sensor,sensor,computed;image_2d;image_3d;sensor,sensor_generic,0
311,env.v1_116.color_diversity,phase_4_sensor,sensor,computed;image_2d;image_3d;sensor,sensor_generic,0
312,env.v1_117.element_count,phase_4_sensor,sensor,computed;image_2d;image_3d;sensor,sensor_generic,0
313,env.v1_118.visual_noise,phase_4_sensor,sensor,computed;image_2d;image_3d;sensor,sensor_generic,0
314,env.v1_119.pattern_regularity,phase_4_sensor,sensor,computed;image_2d;image_3d;sensor,sensor_generic,0
315,env.v1_120.figure_ground_clarity,phase_4_sensor,sensor,computed;image_2d;image_3d;sensor,sensor_generic,0
316,env.v1_121.visual_hierarchy,phase_4_sensor,sensor,computed;image_2d;image_3d;sensor,sensor_generic,0
317,env.v1_122.vegetation_density,phase_4_sensor,sensor,computed;image_2d;image_3d;sensor,sensor_generic,0
318,env.v1_123.vegetation_diversity,phase_4_sensor,sensor,computed;image_2d;image_3d;sensor,sensor_generic,0
319,env.v1_125.sky_visibility,phase_4_sensor,sensor,computed;image_2d;image_3d;sensor,sensor_generic,0
320,env.v1_126.natural_landforms,phase_4_sensor,sensor,computed;image_2d;image_3d;sensor,sensor_generic,0
321,env.v1_127.view_distance_layers,phase_4_sensor,sensor,computed;image_2d;image_3d;sensor,sensor_generic,0
322,env.v1_129.natural_material_proportion,phase_4_sensor,sensor,computed;image_2d;image_3d;sensor,sensor_generic,0
323,env.v1_130.biomimetic_forms,phase_4_sensor,sensor,computed;image_2d;image_3d;sensor,sensor_generic,0
324,env.v1_131.natural_light_patterns,phase_4_sensor,sensor,computed;image_2d;image_3d;sensor,sensor_generic,0
325,env.v1_132.spatial_density,phase_4_sensor,sensor,computed;image_2d;image_3d;sensor,sensor_generic,0
326,env.v1_133.social_density,phase_4_sensor,sensor,computed;image_2d;image_3d;sensor,sensor_generic,0
327,env.v1_134.perceived_crowding,phase_4_sensor,sensor,computed;image_2d;image_3d;sensor,sensor_generic,0
328,env.v1_135.visual_privacy,phase_4_sensor,sensor,computed;image_2d;image_3d;sensor,sensor_generic,0
329,env.v1_136.acoustic_privacy,phase_4_sensor,sensor,computed;image_2d;image_3d;sensor,sensor_generic,0
330,env.v1_137.territorial_definition,phase_4_sensor,sensor,computed;image_2d;image_3d;sensor,sensor_generic,0
331,env.v1_138.seating_arrangement,phase_4_sensor,sensor,computed;image_2d;image_3d;sensor,sensor_generic,0
332,env.v1_139.collaboration_space_ratio,phase_4_sensor,sensor,computed;image_2d;image_3d;sensor,sensor_generic,0
333,env.v1_140.temperature_control,phase_4_sensor,sensor,computed;image_2d;image_3d;sensor,sensor_generic,0
334,env.v1_141.lighting_control,phase_4_sensor,sensor,computed;image_2d;image_3d;sensor,sensor_generic,0
335,env.v1_142.acoustic_control,phase_4_sensor,sensor,computed;image_2d;image_3d;sensor,sensor_generic,0
336,env.v1_143.window_operation,phase_4_sensor,sensor,computed;image_2d;image_3d;sensor,sensor_generic,0
337,env.v1_144.workspace_personalization,phase_4_sensor,sensor,computed;image_2d;image_3d;sensor,sensor_generic,0
338,env.v1_145.perceived_control,phase_4_sensor,sensor,computed;image_2d;image_3d;sensor,sensor_generic,0
339,env.v2a_001.color_palette_hue_saturation_lightness_harmony_beyond_cct,phase_4_sensor,sensor,computed;image_2d;image_3d;sensor,sensor_generic,0
340,env.v2a_003.brightness_level_at_eye_vertical_illuminance_vs_task_plane,phase_4_sensor,sensor,computed;image_2d;image_3d;sensor,sensor_generic,0
341,env.v2a_004.brightness_gradients_and_brightness_contrast_ratios,phase_4_sensor,sensor,computed;image_2d;image_3d;sensor,sensor_generic,0
342,env.v2a_005.daylight_presence_sky_view_and_view_to_outside_content,phase_4_sensor,sensor,computed;image_2d;image_3d;sensor,sensor_generic,0
343,env.v2a_006.glare_source_count,phase_4_sensor,sensor,computed;image_2d;image_3d;metadata;sensor,sensor_generic,0
344,env.v2a_007.flicker_temporal_modulation_risk_cues_led_drivers,phase_4_sensor,sensor,computed;image_2d;image_3d;sensor,sensor_generic,0
345,env.v2a_008.color_rendering_saturation_rendering,phase_4_sensor,sensor,computed;image_2d;image_3d;sensor,sensor_generic,0
346,env.v2a_009.shadow_softness_hardness,phase_4_sensor,sensor,computed;image_2d;image_3d;sensor,sensor_generic,0
347,env.v2a_010.lighting_control_cues_dimmers_blinds_task_lights,phase_4_sensor,sensor,computed;image_2d;image_3d;sensor,sensor_generic,0
348,env.v2a_011.evening_like_ambience_cues_vs_daytime_like_ambience_cues,phase_4_sensor,sensor,computed;image_2d;image_3d;sensor,sensor_generic,0
349,env.v2a_012.visual_privacy_via_lighting_backlit_silhouettes_vs_evenly_lit_faces,phase_4_sensor,sensor,computed;image_2d;image_3d;sensor,sensor_generic,0
350,env.v2a_013.high_contrast_spotlight_social_exposure_cues,phase_4_sensor,sensor,computed;image_2d;image_3d;sensor,sensor_generic,0
351,env.v2a_014.presence_of_natural_light_patterns,phase_4_sensor,sensor,computed;image_2d;image_3d;sensor,sensor_generic,0
352,env.v2a_015.lighting_temperature_mismatch,phase_4_sensor,sensor,computed;image_2d;image_3d;sensor,sensor_generic,0
353,env.v2a_067.ceiling_height_and_openness_processing_style,phase_4_sensor,sensor,computed;image_2d;image_3d;sensor,sensor_generic,0
354,env.v2a_068.room_scale_cues,phase_4_sensor,sensor,computed;image_2d;image_3d;sensor,sensor_generic,0
355,env.v2a_069.enclosure_ratio_wall_to_window_balance,phase_4_sensor,sensor,computed;image_2d;image_3d;sensor,sensor_generic,0
356,env.v2a_071.exit_visibility_and_path_to_exit_complexity,phase_4_sensor,sensor,computed;image_2d;image_3d;sensor,sensor_generic,0
357,env.v2a_072.blind_corners_vs_transparent_partitions,phase_4_sensor,sensor,computed;image_2d;image_3d;sensor,sensor_generic,0
358,env.v2a_073.distance_to_others,phase_4_sensor,sensor,computed;image_2d;image_3d;sensor,sensor_generic,0
359,env.v2a_074.wayfinding_legibility_straight_sightlines,phase_4_sensor,sensor,computed;image_2d;image_3d;sensor,sensor_generic,0
360,env.v2a_075.spatial_complexity_branching_corridors_vs_simple_loops,phase_4_sensor,sensor,computed;image_2d;image_3d;sensor,sensor_generic,0
361,env.v2a_077.barrier_permeability_half_walls_vs_full_walls,phase_4_sensor,sensor,computed;image_2d;image_3d;sensor,sensor_generic,0
362,env.v2a_079.seating_prospect_facing_entrance_vs_back_to_entrance,phase_4_sensor,sensor,computed;image_2d;image_3d;sensor,sensor_generic,0
363,env.v2a_080.verticality_cues,phase_4_sensor,sensor,computed;image_2d;image_3d;sensor,sensor_generic,0
364,env.v2a_081.personal_safety_affordances_lighting_in_corners,phase_4_sensor,sensor,computed;image_2d;image_3d;sensor,sensor_generic,0
365,env.v2a_082.curvature_prevalence_vs_sharp_angles,phase_4_sensor,sensor,computed;image_2d;image_3d;sensor,sensor_generic,0
366,env.v2a_083.symmetry_and_regularity,phase_4_sensor,sensor,computed;image_2d;image_3d;sensor,sensor_generic,0
367,env.v2a_084.fractal_self_similar_edge_statistics,phase_4_sensor,sensor,computed;image_2d;image_3d;sensor,sensor_generic,0
368,env.v2a_085.clutter_disorder_object_density_occlusion_surface_coverage,phase_4_sensor,sensor,computed;image_2d;image_3d;sensor,sensor_generic,0
369,env.v2a_086.cleanliness_maintenance_stains_damage_wear,phase_4_sensor,sensor,computed;image_2d;image_3d;sensor,sensor_generic,0
370,env.v2a_087.color_diversity_and_saturation,phase_4_sensor,sensor,computed;image_2d;image_3d;sensor,sensor_generic,0
371,env.v2a_088.texture_density,phase_4_sensor,sensor,computed;image_2d;image_3d;sensor,sensor_generic,0
372,env.v2a_089.artwork_density_and_semantic_content,phase_4_sensor,sensor,computed;image_2d;image_3d;sensor,sensor_generic,0
373,env.v2a_090.naturalness_of_materials,phase_4_sensor,sensor,computed;image_2d;image_3d;sensor,sensor_generic,0
374,env.v2a_091.visual_complexity_gradients,phase_4_sensor,sensor,computed;image_2d;image_3d;sensor,sensor_generic,0
375,env.v2a_092.signage_density_informational_load,phase_4_sensor,sensor,computed;image_2d;image_3d;sensor,sensor_generic,0
376,env.v2a_093.visual_affordances_for_organization,phase_4_sensor,sensor,computed;image_2d;image_3d;sensor,sensor_generic,0
377,env.v2a_094.orderliness_of_lines_alignment,phase_4_sensor,sensor,computed;image_2d;image_3d;sensor,sensor_generic,0
378,env.v2a_095.perceptual_mystery_cues,phase_4_sensor,sensor,computed;image_2d;image_3d;sensor,sensor_generic,0
379,env.v2a_096.visible_vegetation_quantity_proximity_and_distribution,phase_4_sensor,sensor,computed;image_2d;image_3d;sensor,sensor_generic,0
380,env.v2a_097.window_view_content_greenery_sky_water_vs_built_up,phase_4_sensor,sensor,computed;image_2d;image_3d;sensor,sensor_generic,0
381,env.v2a_099.blue_space,phase_4_sensor,sensor,computed;image_2d;image_3d;sensor,sensor_generic,0
382,env.v2a_100.prospect_to_distant_views,phase_4_sensor,sensor,computed;image_2d;image_3d;sensor,sensor_generic,0
383,env.v2a_101.natural_ventilation_cues,phase_4_sensor,sensor,computed;image_2d;image_3d;sensor,sensor_generic,0
384,env.v2a_102.natural_sound_sources,phase_4_sensor,sensor,computed;image_2d;image_3d;metadata;sensor,sensor_generic,0
385,env.v2a_103.daylight_nature_coupling,phase_4_sensor,sensor,computed;image_2d;image_3d;sensor,sensor_generic,0
386,env.v2a_104.seasonal_cues,phase_4_sensor,sensor,computed;image_2d;image_3d;sensor,sensor_generic,0
387,env.v2a_105.animal_presence_cues,phase_4_sensor,sensor,computed;image_2d;image_3d;sensor,sensor_generic,0
388,env.v2a_106.sociopetal_seating,phase_4_sensor,sensor,computed;image_2d;image_3d;sensor,sensor_generic,0
389,env.v2a_107.density_crowding_proxies_chairs_per_area_people_present_queueing_lines,phase_4_sensor,sensor,computed;image_2d;image_3d;sensor,sensor_generic,0
390,env.v2a_108.surveillance_cues_cameras_exposed_workstations_panoramic_visibility,phase_4_sensor,sensor,computed;image_2d;image_3d;sensor,sensor_generic,0
391,env.v2a_109.privacy_cues_partitions_doors_curtains,phase_4_sensor,sensor,computed;image_2d;image_3d;sensor,sensor_generic,0
392,env.v2a_110.territoriality_markers_name_plates,phase_4_sensor,sensor,computed;image_2d;image_3d;sensor,sensor_generic,0
393,env.v2a_111.norm_cues_formal_vs_informal,phase_4_sensor,sensor,computed;image_2d;image_3d;sensor,sensor_generic,0
394,env.v2a_112.shared_resource_competition_cues,phase_4_sensor,sensor,computed;image_2d;image_3d;metadata;sensor,sensor_generic,0
395,env.v2a_113.social_mixing_affordances,phase_4_sensor,sensor,computed;image_2d;image_3d;sensor,sensor_generic,0
396,env.v2a_114.conflict_overhearing_risk_cues,phase_4_sensor,sensor,computed;image_2d;image_3d;sensor,sensor_generic,0
397,env.v2a_115.waiting_time_cues,phase_4_sensor,sensor,computed;image_2d;image_3d;sensor,sensor_generic,0
398,env.v2a_116.user_controls_visible_and_accessible_dimmers_blinds_thermostats,phase_4_sensor,sensor,computed;image_2d;image_3d;metadata;sensor,sensor_generic,0
399,env.v2a_117.furniture_adjustability_movable_chairs_tables,phase_4_sensor,sensor,computed;image_2d;image_3d;sensor,sensor_generic,0
400,env.v2a_118.choice_richness_multiple_zones,phase_4_sensor,sensor,computed;image_2d;image_3d;sensor,sensor_generic,0
401,env.v2a_119.personalization_affordances_pinboards,phase_4_sensor,sensor,computed;image_2d;image_3d;sensor,sensor_generic,0
402,env.v2a_120.policy_cues_restricting_control,phase_4_sensor,sensor,computed;image_2d;image_3d;metadata;sensor,sensor_generic,0
403,env.v2a_121.control_over_privacy_doors,phase_4_sensor,sensor,computed;image_2d;image_3d;sensor,sensor_generic,0
404,env.v2a_122.control_over_sound_headsets,phase_4_sensor,sensor,computed;image_2d;image_3d;sensor,sensor_generic,0
405,env.v2a_123.control_over_thermal_fans,phase_4_sensor,sensor,computed;image_2d;image_3d;sensor,sensor_generic,0
406,env.v2a_124.control_over_lighting_task_lamps,phase_4_sensor,sensor,computed;image_2d;image_3d;sensor,sensor_generic,0
407,fluency.symmetry,phase_4_sensor,sensor,computed;image_2d;image_3d;sensor,sensor_generic,0
408,isovist.area_25d,phase_4_sensor,sensor,computed;image_2d;image_3d;sensor,sensor_generic,0
409,isovist.compactness_25d,phase_4_sensor,sensor,computed;image_2d;image_3d;sensor,sensor_generic,0
410,isovist.confidence,phase_4_sensor,sensor,computed;image_2d;image_3d;sensor,sensor_generic,0
411,science.organized_complexity,phase_4_sensor,sensor,computed;image_2d;image_3d;sensor,sensor_generic,0
412,science.organized_complexity_bin,phase_4_sensor,sensor,computed;image_2d;image_3d;sensor,sensor_generic,0
413,science.visual_richness,phase_4_sensor,sensor,computed;image_2d;image_3d;sensor,sensor_generic,0
414,science.visual_richness_bin,phase_4_sensor,sensor,computed;image_2d;image_3d;sensor,sensor_generic,0
415,smell.concentration_dfa_exponent,phase_4_sensor,sensor,computed;image_2d;image_3d;sensor,olfactory_sensing,0
416,smell.intensity_rating,phase_4_sensor,sensor,computed;image_2d;image_3d;metadata;sensor,olfactory_sensing,0
417,smell.pleasantness_rating,phase_4_sensor,sensor,computed;image_2d;image_3d;metadata;sensor,olfactory_sensing,0
418,sound.amplitude_fractal_dimension,phase_4_sensor,sensor,computed;image_2d;image_3d;sensor,audio_analysis,0
419,sound.noise_color_beta,phase_4_sensor,sensor,computed;image_2d;image_3d;sensor,audio_analysis,0
420,sound.one_over_f_slope,phase_4_sensor,sensor,computed;image_2d;image_3d;sensor,audio_analysis,0
421,sound.reverberation_rt60,phase_4_sensor,sensor,computed;image_2d;image_3d;sensor,audio_analysis,0
422,touch.haptic_fractal_dimension,phase_4_sensor,sensor,computed;image_2d;image_3d;sensor,tactile_sensing,0
423,touch.hardness_rating,phase_4_sensor,sensor,computed;image_2d;image_3d;metadata;sensor,tactile_sensing,0
424,touch.surface_roughness_spectrum_slope,phase_4_sensor,sensor,computed;image_2d;image_3d;sensor,tactile_sensing,0
